Date,return
2011-05-03,-0.009160267792211635
2011-05-04,0.010982393955054792
2011-05-05,-0.0060865109633972654
2011-05-06,-0.007352993048527637
2011-05-09,-0.009888857554899265
2011-05-10,0.0
2011-05-11,0.018462159843428205
2011-05-12,0.0012186231922685093
2011-05-13,-0.004272193008455055
2011-05-16,0.0
2011-05-17,-0.015408590027241547
2011-05-18,-0.018809432644883346
2011-05-19,0.0018970162403690277
2011-05-20,0.006924894185887719
2011-05-23,-0.0037711756509091103
2011-05-24,-0.013312458520604089
2011-05-25,-0.030452787076846025
2011-05-26,0.0342744055529708
2011-05-27,0.004440105269131671
2011-05-30,0.009449093437531223
2011-05-31,0.0031298242884570974
2011-06-01,0.012422551468311043
2011-06-02,0.012270123294012251
2011-06-03,0.018127282734794276
2011-06-06,0.0
2011-06-07,-0.0005990077367066638
2011-06-08,-0.006612383924832763
2011-06-09,0.03088129170570873
2011-06-10,0.0029195507274090023
2011-06-13,0.00870832679207446
2011-06-14,-0.010459110409853757
2011-06-15,-0.0135256507827434
2011-06-16,-0.005342785422073771
2011-06-17,-0.018018600843775084
2011-06-20,-0.018349036134013324
2011-06-21,0.024391317235480343
2011-06-22,-0.021309718246689594
2011-06-24,-0.003081598988790755
2011-06-27,-0.012422551468310982
2011-06-28,0.014888549709263588
2011-06-29,0.011022748245328203
2011-06-30,-0.010407147497490027
2011-07-01,-0.003081598988790755
2011-07-04,0.012270123294012251
2011-07-05,0.022310125632800926
2011-07-06,-0.004182842898006568
2011-07-07,-0.01812728273479442
2011-07-08,-0.006116192231658703
2011-07-11,-0.04710466614009881
2011-07-12,0.02539835932097719
2011-07-13,-0.012618495455458975
2011-07-14,-0.04879015381138759
2011-07-15,-0.03390169418809475
2011-07-18,-0.04442027054862525
2011-07-19,0.06489891060096097
2011-07-20,-0.033668474507580815
2011-07-21,0.002094104464854965
2011-07-22,0.03830847398401106
2011-07-25,-0.025145826170819844
2011-07-26,0.06074619114506034
2011-07-27,-0.03291961001775158
2011-07-28,-0.05432756086301919
2011-07-29,-0.02867564066307419
2011-08-01,0.01730389120570117
2011-08-02,-0.0007150829013433845
2011-08-03,-0.03864870389807824
2011-08-04,-0.08937959861798274
2011-08-05,-0.038115728252836475
2011-08-08,-0.07358855131224244
2011-08-09,0.018018627327426154
2011-08-10,0.004454470761653118
2011-08-11,0.10455998667582765
2011-08-12,0.05453066274361786
2011-08-15,0.014302156653390661
2011-08-16,-0.01809996536923561
2011-08-17,0.006069775067346735
2011-08-18,0.003774931481191052
2011-08-19,-0.032940544337517114
2011-08-22,-0.004683798013035357
2011-08-23,-0.004705775127022376
2011-08-24,-0.017447088131896948
2011-08-25,-0.016129160166666656
2011-08-26,-0.033061013284745484
2011-08-29,0.020790722561404244
2011-08-30,0.01632693623239241
2011-08-31,0.03968772282452511
2011-09-01,0.083568339571649
2011-09-02,0.016329920534561868
2011-09-05,-0.004234257176590985
2011-09-06,0.03815917271725599
2011-09-08,-0.0068305898209754115
2011-09-09,-0.013108048640661922
2011-09-12,0.010362784699647373
2011-09-13,-0.0208341966655201
2011-09-14,-0.017699536212380417
2011-09-15,-0.0007145719231575171
2011-09-16,-0.013674320899628941
2011-09-19,0.002171647881823791
2011-09-20,-0.02415037333480001
2011-09-21,-0.03007759499182234
2011-09-22,-0.07199611855760606
2011-09-23,-0.007410543261289409
2011-09-26,0.006589826504605878
2011-09-27,0.025132896441140695
2011-09-28,-0.01532880519982801
2011-09-29,-0.012270290723341204
2011-09-30,-0.03432727429792684
2011-10-03,-0.04530396074929983
2011-10-04,-0.002677421234903628
2011-10-05,0.022969196853562017
2011-10-06,0.013015578453807653
2011-10-07,-0.03509148053955083
2011-10-10,0.03509148053955088
2011-10-11,0.004300917420208159
2011-10-13,0.0279323828687616
2011-10-14,0.02147067416140222
2011-10-17,-0.023977824489847383
2011-10-18,0.0
2011-10-19,0.04098931355618468
2011-10-20,0.0016052062395003452
2011-10-21,0.0
2011-10-24,0.0055976916343825995
2011-10-25,0.0
2011-10-26,-0.009615548886117323
2011-10-27,0.01438877498124983
2011-10-28,0.027398949692736645
2011-10-31,0.034158976158705404
2011-11-01,-0.045809528422189404
2011-11-03,0.026976624528583144
2011-11-04,-0.012241896090545367
2011-11-07,0.01981770885915096
2011-11-08,-0.01520951937984578
2011-11-09,-0.03509131534659555
2011-11-10,0.007905199896965838
2011-11-11,-0.06927406924349386
2011-11-14,-0.039592191591889966
2011-11-16,-0.030305282287306428
2011-11-17,0.004514508111006803
2011-11-18,0.005391082526223604
2011-11-21,-0.06096085599568814
2011-11-22,-0.049790676867349504
2011-11-23,-0.01512879770460959
2011-11-24,0.016129341476663984
2011-11-25,-0.003004639597132207
2011-11-28,0.03256328028332324
2011-11-29,0.0
2011-11-30,0.05661919624371672
2011-12-01,0.07848866202875739
2011-12-02,-0.025774410074415274
2011-12-05,-0.025563415230047973
2011-12-06,-0.027150836724294098
2011-12-07,-0.013857258816860911
2011-12-08,-0.03309999986335737
2011-12-09,0.014320286097962227
2011-12-12,-0.006657392397191614
2011-12-13,-0.007662893700770478
2011-12-14,-0.04423292824120916
2011-12-15,0.01496278745050635
2011-12-16,0.0388396956363083
2011-12-19,-0.03390160257297649
2011-12-20,0.023370004795181976
2011-12-21,-0.05846129590496972
2011-12-22,-0.07961753323394756
2011-12-23,0.027249579936359465
2011-12-26,0.011758714222836324
2011-12-27,-0.01606925326644974
2011-12-28,0.0
2011-12-29,0.029789519534787926
2012-01-02,-0.025478980491174474
2012-01-03,-0.006472355034252276
2012-01-04,-0.009788075252560889
2012-01-05,-0.008781547636614016
2012-01-06,0.027190299629271573
2012-01-09,-0.009703560744156714
2012-01-10,-0.014184805428375209
2012-01-11,0.016349402067071722
2012-01-12,0.01075246875166157
2012-01-13,0.011696114830366951
2012-01-16,0.0
2012-01-17,0.017810847581339412
2012-01-18,-0.003119923253412819
2012-01-19,0.007265186651983518
2012-01-20,0.006185434411352783
2012-01-23,0.0020534778898853904
2012-01-24,-0.0155040989532216
2012-01-26,0.05077228583370448
2012-01-27,0.02348434556934495
2012-01-30,-0.033434783028331666
2012-01-31,0.001998089279498562
2012-02-01,0.027560551406692533
2012-02-02,0.019231492409103983
2012-02-03,-0.030950168813630885
2012-02-06,-0.04315771370316018
2012-02-07,0.018293239301061706
2012-02-08,-0.006060887774099073
2012-02-09,0.0030350356750977188
2012-02-10,0.009049818447381352
2012-02-13,0.0
2012-02-14,-0.010060473857652071
2012-02-15,0.030863776077012017
2012-02-16,-0.013820752284912568
2012-02-17,0.013820752284912613
2012-02-23,0.08905173278955979
2012-02-24,0.04814914881331597
2012-02-27,0.004264583908975352
2012-02-28,-0.0017036517844031761
2012-02-29,0.010178300158195904
2012-03-01,-0.006773894083171299
2012-03-02,0.016849366824591525
2012-03-05,-0.014303992314015251
2012-03-06,-0.012793281146393375
2012-03-07,0.0279323828687616
2012-03-08,0.050458287196754846
2012-03-09,-0.02247291470459014
2012-03-12,-0.0221593913559618
2012-03-13,0.0
2012-03-14,-0.012526123011816133
2012-03-15,-0.021232240993148157
2012-03-16,-0.01295900156464125
2012-03-19,0.0
2012-03-20,0.008658084144433064
2012-03-21,-0.0017257006582317186
2012-03-22,0.0
2012-03-23,0.03061464396092155
2012-03-26,0.022361202650484635
2012-03-27,-0.025716987539818173
2012-03-28,-0.018660332105375786
2012-03-29,-0.0051503793532548066
2012-03-30,0.028839936526875283
2012-04-02,0.031278353963725435
2012-04-03,0.004850401145699096
2012-04-04,-0.004040321383872539
2012-04-05,-0.02708403593855531
2012-04-09,-0.030407825707534055
2012-04-10,0.011087389203848726
2012-04-11,-0.01710882283872929
2012-04-12,0.04718635904857731
2012-04-13,0.009828181350137856
2012-04-16,0.018571269539869883
2012-04-17,0.007968255620956008
2012-04-18,-0.00636946483187819
2012-04-19,-0.016103449872712082
2012-04-20,-0.032167637638610413
2012-04-23,-0.03670911928695711
2012-04-24,-0.010489776205156018
2012-04-25,0.001756002907338039
2012-04-26,-0.03571825042472585
2012-04-27,0.031322447935436405
2012-04-30,0.0026397995819514466
2012-05-02,0.0
2012-05-03,0.05886558907075123
2012-05-04,0.009893068492310532
2012-05-07,0.02511253465129594
2012-05-08,-0.016129160166666656
2012-05-09,0.012121291818607336
2012-05-10,-0.008064646309556125
2012-05-11,-0.026252399069272764
2012-05-14,-0.05379027558013135
2012-05-15,-0.10633573986720536
2012-05-16,0.0
2012-05-17,-0.05928392464410195
2012-05-18,-0.07188067096667096
2012-05-21,0.0
2012-05-22,0.006651744905060116
2012-05-23,0.010989149649546164
2012-05-24,-0.050430844404777526
2012-05-25,0.053703955913200416
2012-05-28,0.05303500746773448
2012-05-29,-0.0031041203267642174
2012-05-30,-0.022002122158173175
2012-05-31,-0.011720691902822652
2012-06-01,-0.03601075546674874
2012-06-04,-0.004454089779780753
2012-06-05,-0.006718875782115857
2012-06-06,0.02222292226037358
2012-06-08,0.004386072956429831
2012-06-11,0.03123548802034861
2012-06-12,0.041543034888863566
2012-06-13,-0.0010177729221050509
2012-06-14,0.008113573188771856
2012-06-15,0.015037794970991667
2012-06-18,0.0
2012-06-19,0.01677395559138801
2012-06-20,-0.02276193211499825
2012-06-21,-0.037740387651079337
2012-06-22,0.0
2012-06-25,-0.007303087366686448
2012-06-26,-0.037337639800297834
2012-06-27,-0.03315202202199996
2012-06-28,0.0
2012-06-29,0.05465837061229937
2012-07-02,-0.0031967316637665603
2012-07-03,0.02944489614110831
2012-07-04,0.00516777321669113
2012-07-05,-0.01558464648403439
2012-07-06,0.0052221704151025955
2012-07-10,-0.021053461625101046
2012-07-11,-0.03463576501905582
2012-07-12,0.015301064182356827
2012-07-13,0.020398011174296862
2012-07-16,0.0
2012-07-17,-0.026926797812467568
2012-07-18,0.02052990994167709
2012-07-19,0.03983766022162971
2012-07-20,0.001027266041280838
2012-07-23,-0.00928318425237629
2012-07-24,-0.04341592339683244
2012-07-25,-0.0043385896708086815
2012-07-26,0.046717661356928536
2012-07-27,0.03165164724166986
2012-07-30,0.013972155066509024
2012-07-31,0.015732751809306996
2012-08-01,0.026000608916220386
2012-08-02,-0.005719685367674316
2012-08-03,0.01706206749276093
2012-08-06,0.04681894331126207
2012-08-07,-0.029119662104778007
2012-08-08,0.0
2012-08-09,-0.0046273191141830775
2012-08-10,0.0
2012-08-13,-0.026317376922609242
2012-08-14,0.060960855995688075
2012-08-15,-0.015350189867772101
2012-08-16,-0.003646470221432352
2012-08-17,0.012704231379017666
2012-08-20,-0.008148514054020879
2012-08-21,-0.016498743472693488
2012-08-22,-0.004631907406391465
2012-08-23,0.0009281145702135289
2012-08-24,0.029252396546855363
2012-08-27,0.03974039927255639
2012-08-28,0.012903334212865214
2012-08-29,-0.04814914881331591
2012-08-30,-0.018100162235086453
2012-08-31,0.031463315272149295
2012-09-03,0.0
2012-09-04,0.019282049983920233
2012-09-05,0.007781913750036394
2012-09-06,0.05447524494181947
2012-09-10,0.019386633108817237
2012-09-11,0.011928763795123374
2012-09-12,0.014907897476831484
2012-09-13,0.026135175864427214
2012-09-14,-0.02457868773827779
2012-09-17,0.023060328354555522
2012-09-18,-0.02695584589123673
2012-09-19,0.009323910961622484
2012-09-20,0.0053993987251272565
2012-09-21,0.0038386294193789475
2012-09-24,-0.0038386294193790064
2012-09-25,0.009188261920452065
2012-09-26,-0.028606619676239835
2012-09-27,-0.013422959814143548
2012-09-28,-0.027398981392637772
2012-10-01,-0.0032731335038864487
2012-10-02,-0.01569638874274789
2012-10-03,-0.016793118082590344
2012-10-04,0.05678199774362135
2012-10-05,0.0276152081669097
2012-10-08,-0.026016417377831662
2012-10-09,-0.022618148203474523
2012-10-10,0.06024029896256922
2012-10-11,-0.009273722914718664
2012-10-15,0.009273722914718618
2012-10-16,-0.010050455641025344
2012-10-17,-0.018032582797342253
2012-10-18,-0.011137903109805116
2012-10-19,-0.02429249091828301
2012-10-22,0.017066459287830054
2012-10-23,-0.020350676787156498
2012-10-24,-0.003294769927640519
2012-10-25,-0.020842721387434347
2012-10-26,-0.03952414309844827
2012-10-29,0.0
2012-10-30,-0.009687498953460482
2012-10-31,0.0008846027682492885
2012-11-01,0.01665982300714226
2012-11-05,0.017241570000861472
2012-11-06,0.005965338199596835
2012-11-07,-0.031063835022389456
2012-11-08,-0.0008768464758870136
2012-11-09,-0.018592917865118463
2012-11-12,-0.030855450533864643
2012-11-13,-0.01392126158271707
2012-11-14,-0.0018709891656552586
2012-11-16,-0.009407432368072321
2012-11-19,-0.007590112140778715
2012-11-21,0.000951969044226888
2012-11-22,-0.005725143349131615
2012-11-23,0.023641707979411123
2012-11-26,0.011152636084280802
2012-11-27,-0.013960434197440877
2012-11-28,-0.0160607355613462
2012-11-29,0.05105526535845797
2012-11-30,0.017937745962101893
2012-12-03,0.019366708238963498
2012-12-04,-0.007877558810654946
2012-12-05,-0.033962247517387904
2012-12-06,0.011749034468046681
2012-12-07,0.02396921595667917
2012-12-10,0.00524929819477075
2012-12-11,-0.009645100684060048
2012-12-12,-0.003530247220034764
2012-12-13,-0.0008846027682493557
2012-12-14,0.05592865988034919
2012-12-17,0.014125703558993974
2012-12-18,0.0008247779907666619
2012-12-19,-0.009109850241687405
2012-12-20,0.025463219653616743
2012-12-21,-0.026295548718476953
2012-12-26,0.03356836030073717
2012-12-27,-0.01787197155798933
2012-12-28,-0.004106959971724826
2013-01-02,0.05601465905691744
2013-01-03,0.040417256263260246
2013-01-04,-0.005996973909931183
2013-01-07,-0.023584109031992175
2013-01-08,-0.006952505003657578
2013-01-09,-0.015625420966666886
2013-01-10,0.011741752648987688
2013-01-11,-0.01885358212979814
2013-01-14,0.027377515541899565
2013-01-15,-0.0007719362653183047
2013-01-16,-0.019493749795770763
2013-01-17,-0.023905648791664926
2013-01-18,-0.014622558595102085
2013-01-21,-0.005744699021162926
2013-01-22,-0.023314748842676432
2013-01-23,-0.009310323650768395
2013-01-24,-0.022356892625748817
2013-01-28,0.021506153909836984
2013-01-29,0.02271871150319381
2013-01-30,-0.018472582701996153
2013-01-31,0.01680723122346925
2013-02-01,0.04561062641932348
2013-02-04,0.002385530923751602
2013-02-05,-0.06141914368788063
2013-02-06,-0.03087724744614691
2013-02-07,-0.005240128675805821
2013-02-08,-0.010563577243137213
2013-02-13,-0.015158563479105684
2013-02-14,0.011612306356956772
2013-02-15,-0.03157649996548614
2013-02-18,-0.024120273375580436
2013-02-19,0.03233543251606322
2013-02-20,-0.03421483063627941
2013-02-21,0.011225362422550615
2013-02-22,0.003714185877087613
2013-02-25,-0.01493954829963832
2013-02-26,-0.009451967355710997
2013-02-27,-0.02402801020612499
2013-02-28,-0.013712457807834276
2013-03-01,-0.01891513031234567
2013-03-04,-0.04944385268695035
2013-03-05,0.023996830372683936
2013-03-06,0.005141622884289737
2013-03-07,-0.025975424758218187
2013-03-08,-0.009518825482506476
2013-03-11,0.024148002429031278
2013-03-12,0.021550443891158184
2013-03-13,-0.04463635200256758
2013-03-14,0.014752504601728557
2013-03-15,-0.017942351427016397
2013-03-18,-0.019355493036801303
2013-03-19,-0.006535898965182261
2013-03-20,-0.0032841282789093586
2013-03-21,0.015234019522109128
2013-03-22,-0.011949891243199758
2013-03-25,0.006535898965182316
2013-03-26,-0.034238435405430034
2013-03-27,0.0
2013-03-28,0.028794883137429766
2013-04-01,-0.008772277544186208
2013-04-02,0.02930218748586332
2013-04-03,0.0
2013-04-04,-0.0032135046462014338
2013-04-05,-0.018408751992657745
2013-04-08,-0.010989149649546216
2013-04-09,0.007705021370636938
2013-04-10,-0.014356766275697035
2013-04-11,-0.04202791432903254
2013-04-12,0.021802456667628773
2013-04-15,-0.0369987242578504
2013-04-16,0.015196267590221687
2013-04-17,-0.05606735480705565
2013-04-18,0.0048961832478811
2013-04-19,-0.0036698881702768257
2013-04-22,-0.026072362905625066
2013-04-23,-0.008843998103969634
2013-04-24,0.0025349659315614228
2013-04-25,0.01756616755463541
2013-04-26,0.0
2013-04-29,-0.1089599498101792
2013-04-30,-0.006959273700431524
2013-05-02,0.02619046431110864
2013-05-03,0.06326247443823896
2013-05-06,0.01772182294127085
2013-05-07,0.04057088414183615
2013-05-08,-0.02439112068217997
2013-05-09,0.0
2013-05-10,-0.012422551468310982
2013-05-13,-0.044735957151134424
2013-05-14,0.052207788559414575
2013-05-15,0.01843926783835052
2013-05-16,-0.057659827163083564
2013-05-17,0.06494172917735634
2013-05-20,0.07341680826398382
2013-05-21,0.028794883137429766
2013-05-22,-0.04350952968754596
2013-05-23,-0.019574608099573426
2013-05-24,0.013857164751634735
2013-05-27,0.010268274122292666
2013-05-28,0.011286462878353163
2013-05-29,-0.01812049894861885
2013-05-31,-0.07103577540441891
2013-06-03,0.0024510881972471133
2013-06-04,-0.016040020643040664
2013-06-05,0.026995777508300813
2013-06-06,0.029817286703098
2013-06-07,-0.051850058901240226
2013-06-10,0.004938093660072412
2013-06-11,-0.016139184935640837
2013-06-12,-0.011328081589225679
2013-06-13,-0.015306567535191676
2013-06-14,-0.04468539943765974
2013-06-17,-0.023114565292335954
2013-06-18,-0.020848452187816495
2013-06-19,-0.016997738067570656
2013-06-20,-0.039335117598037615
2013-06-21,-0.07559479753469514
2013-06-24,-0.04088868056092176
2013-06-25,-0.042632104289851355
2013-06-26,-0.026480356604609217
2013-06-27,0.007130393563517198
2013-06-28,-0.045420968471236854
2013-07-01,-0.030190897342317977
2013-07-02,-0.08388136971294234
2013-07-03,0.04082152209623242
2013-07-04,0.04305984761670995
2013-07-05,-0.0450619379052709
2013-07-08,-0.022290173037088166
2013-07-10,-0.043986435597798135
2013-07-11,0.07426103136432584
2013-07-12,0.050398239073681024
2013-07-15,0.04977992007706717
2013-07-16,0.03533952894470725
2013-07-17,0.06876119738123085
2013-07-18,-0.060118290490600745
2013-07-19,-0.005177113710607123
2013-07-22,0.03735609654595233
2013-07-23,-0.020202968118334108
2013-07-24,-0.043447228713710415
2013-07-25,-0.003558877831278498
2013-07-26,0.0
2013-07-29,-0.003571515732238672
2013-07-30,-0.04950544566265871
2013-07-31,-0.04027415958265958
2013-08-01,-0.007858929795811442
2013-08-02,0.0
2013-08-05,0.005899980019348029
2013-08-06,-0.02985280078591608
2013-08-07,0.2537802167722813
2013-08-08,-0.020586368494324655
2013-08-09,-0.027576708417609504
2013-08-12,-0.04714690472166701
2013-08-13,-0.027973785214767535
2013-08-14,0.08167777437225067
2013-08-15,-0.034915955238549796
2013-08-16,-0.02918655664530673
2013-08-19,0.01212125095560722
2013-08-20,-0.03681429164438293
2013-08-21,-0.019837882024160074
2013-08-22,0.019837882024159974
2013-08-23,0.0555702881349227
2013-08-26,-0.011895236459361047
2013-08-27,-0.054446960140758505
2013-08-28,0.007194588052084576
2013-08-29,0.007142542345748455
2013-08-30,0.021127818756139644
2013-09-02,0.020690028046407658
2013-09-03,0.015241591638327695
2013-09-04,-0.011834354012117089
2013-09-05,0.018534838617233013
2013-09-06,0.04249003157579855
2013-09-09,0.031498876484589156
2013-09-10,0.02903135043944625
2013-09-11,-0.015174344203525238
2013-09-12,0.02417029875188801
2013-09-13,0.04380238264545784
2013-09-16,0.029558940265030663
2013-09-17,0.05136288068808479
2013-09-18,0.002631158071449278
2013-09-19,-0.03068934546538484
2013-09-20,0.0
2013-09-23,0.0280581873939356
2013-09-24,0.0013161760884543116
2013-09-25,0.001314981982994936
2013-09-26,-0.007915415107442878
2013-09-27,0.0
2013-09-30,0.0
2013-10-01,0.01315811917830644
2013-10-02,-0.01581075598406163
2013-10-03,0.002652636805755072
2013-10-04,-0.0026526368057551335
2013-10-07,0.01581075598406157
2013-10-08,0.038466071597554496
2013-10-09,0.03582856405482078
2013-10-10,0.04276187637395707
2013-10-11,-0.015231879813025208
2013-10-14,0.05064378156530583
2013-10-15,0.0417644255567941
2013-10-16,0.014957410577766872
2013-10-17,0.023062051852489263
2013-10-18,-0.02518485413974376
2013-10-21,-0.001063310337597981
2013-10-22,0.0
2013-10-23,-0.03243544835192576
2013-10-24,-0.03352250563457182
2013-10-25,0.022472548936094912
2013-10-28,0.0434854050504027
2013-10-29,-0.0106954038852383
2013-10-30,-0.0327900011651644
2013-10-31,0.05406754087050717
2013-11-01,-0.0052772860681635555
2013-11-04,0.027141529596810966
2013-11-05,-0.03671096318355635
2013-11-06,0.009569433586745318
2013-11-07,0.0455094426181712
2013-11-08,0.013059106909205294
2013-11-11,-0.06174799462409745
2013-11-12,-0.06694759104328143
2013-11-13,-0.0417211031097608
2013-11-14,0.04963510172046264
2013-11-18,0.02666822532639866
2013-11-19,-0.03344811477358639
2013-11-21,0.022422525574165828
2013-11-22,-0.015642636126978055
2013-11-25,-0.019329675863942623
2013-11-26,-0.01854045895459776
2013-11-27,-0.029676185390795962
2013-11-28,0.041303874310014824
2013-11-29,-0.0293275522277612
2013-12-02,-0.030213811958303624
2013-12-03,-0.0324217797098906
2013-12-04,-0.037448045769543165
2013-12-05,0.046280883623376484
2013-12-06,0.03941427249870689
2013-12-09,0.008418444580027148
2013-12-10,-0.05539887522310569
2013-12-11,-0.0012666797094616398
2013-12-12,-0.023077905446402067
2013-12-13,-0.02761497067345193
2013-12-16,-0.013423054135758908
2013-12-17,0.010752709841190679
2013-12-18,-0.012105033711060295
2013-12-19,0.021419775231491488
2013-12-20,-0.02548775426616489
2013-12-23,-0.004084149977415577
2013-12-26,-0.01789470502149271
2013-12-27,0.02739915790345132
2013-12-30,0.020067451361621906
2014-01-02,-0.04330841860275041
2014-01-03,0.03265582613890267
2014-01-06,0.0508913768172134
2014-01-07,0.025127123384355438
2014-01-08,0.019656606503416642
2014-01-09,-0.004877872603652345
2014-01-10,-0.003674383033603755
2014-01-13,0.006116492487882365
2014-01-14,0.006078912840001041
2014-01-15,0.0036299253147660956
2014-01-16,0.012004586132697649
2014-01-17,-0.02537882857810027
2014-01-20,0.008531408029552982
2014-01-21,-0.01098249622680002
2014-01-22,0.05374437260075699
2014-01-23,-0.011696071007365888
2014-01-24,-0.028641456530883826
2014-01-27,-0.007290352574624835
2014-01-28,-0.0184623625008547
2014-01-29,-0.039270251966678084
2014-01-30,0.02046102197922161
2014-01-31,0.006309032172408289
2014-02-03,-0.03585499089604744
2014-02-04,-0.015769199879813504
2014-02-05,0.019672658261032688
2014-02-06,0.024375820632958487
2014-02-07,0.038538272197773026
2014-02-10,-0.03853827219777292
2014-02-11,0.013845597435449752
2014-02-12,-0.015113883657549607
2014-02-13,-0.03223998978970456
2014-02-14,0.015605145530801258
2014-02-17,0.008991682120047442
2014-02-18,0.002554390500314885
2014-02-19,-0.04968365668378369
2014-02-20,-0.036864288409670445
2014-02-21,0.03552284817154073
2014-02-24,-0.010796245818747562
2014-02-25,-0.04014396717000942
2014-02-26,-0.0028285177468195385
2014-02-27,-0.0028370044222246807
2014-02-28,0.0
2014-03-05,-0.03321631968183209
2014-03-06,0.027518166811074548
2014-03-07,-0.0114944117572131
2014-03-10,-0.023392765535704612
2014-03-11,-0.03308550410442813
2014-03-12,-0.03897658294586682
2014-03-13,-0.057251975761932715
2014-03-14,0.010050773912591822
2014-03-17,0.0016653514785268408
2014-03-18,0.024651891512536588
2014-03-19,-0.02133009444810327
2014-03-20,0.01970532809805876
2014-03-21,0.03984582357884539
2014-03-24,0.004676751252937268
2014-03-25,-0.00937490108165001
2014-03-26,0.004698149828712839
2014-03-27,0.013964579234196322
2014-03-28,0.006144616882761984
2014-03-31,-0.007686704441188301
2014-04-01,0.016832947315444897
2014-04-02,0.04596783078102649
2014-04-03,0.005780615020595813
2014-04-04,0.007178626021922614
2014-04-07,0.01983096312512288
2014-04-08,-0.0028091125769653873
2014-04-09,0.00421071522897256
2014-04-10,-0.005618236237487735
2014-04-11,-0.004234027403039414
2014-04-14,-0.00567390423070062
2014-04-15,-0.02302254165739613
2014-04-16,0.013015342523051136
2014-04-17,0.018505625851460497
2014-04-22,-0.0070770165943310655
2014-04-23,0.002837004422224631
2014-04-24,0.0
2014-04-25,0.00282851774681956
2014-04-28,0.03742645583590582
2014-04-29,0.020203035815551225
2014-04-30,0.013244830350310835
2014-05-02,0.045023757651413046
2014-05-05,0.0
2014-05-06,-0.019048092367397282
2014-05-07,0.0
2014-05-08,0.09180783546226413
2014-05-09,-0.0035150942820131796
2014-05-12,0.009345791615923972
2014-05-13,-0.02950059737808025
2014-05-14,0.0023924492790903884
2014-05-15,-0.002392449279090414
2014-05-16,-0.013261278995876657
2014-05-19,-0.001214382036288246
2014-05-20,0.020445697767791843
2014-05-21,0.047655999516380734
2014-05-22,0.0022673030916984466
2014-05-23,-0.02059575038031797
2014-05-26,-0.01867027696923091
2014-05-27,-0.022633597340783893
2014-05-28,0.02967618539079596
2014-05-29,-0.017699863308542417
2014-05-30,-0.03144151247370247
2014-06-02,-0.06470235520629612
2014-06-03,0.007832853418931739
2014-06-04,0.02947065842683981
2014-06-05,0.024938710400360855
2014-06-06,0.03509146529810486
2014-06-09,0.025823193624138242
2014-06-10,0.004624109087846186
2014-06-11,-0.019802632941135555
2014-06-13,0.005865373673455096
2014-06-16,0.028820368609402257
2014-06-17,0.05526255010125936
2014-06-18,-0.03501433910576178
2014-06-20,-0.023663274171415397
2014-06-23,0.0203167792144444
2014-06-24,0.016620789596045484
2014-06-25,-0.03352250563457182
2014-06-26,0.03352250563457186
2014-06-27,-0.011049956698476873
2014-06-30,0.020891461498835348
2014-07-01,0.022593943551567436
2014-07-02,0.0010633103375980728
2014-07-03,0.036519410058086045
2014-07-04,-0.010298778155670969
2014-07-07,-0.006230480614911941
2014-07-08,-0.01892805696988117
2014-07-10,-0.002125404655219989
2014-07-11,0.0031861126248526475
2014-07-14,-0.003186112624852638
2014-07-15,-0.02368272266362855
2014-07-16,-0.003273111508422906
2014-07-17,-0.007679930847004255
2014-07-18,-0.024527313016316537
2014-07-21,0.025628076523938864
2014-07-22,-0.009950403538969265
2014-07-23,0.007748023241737215
2014-07-24,0.005497419357704696
2014-07-25,-0.0021954859009649065
2014-07-28,-0.004405125274998409
2014-07-29,-0.01781779698537507
2014-07-30,-0.028492263064381813
2014-07-31,0.03409439572870979
2014-08-01,-0.010106840087401089
2014-08-04,-0.003391805260990817
2014-08-05,0.010140913749034842
2014-08-06,-0.024972709029500797
2014-08-07,0.0
2014-08-08,-0.0011501362293504667
2014-08-11,0.023878444193880195
2014-08-12,-0.011299583374198341
2014-08-13,0.0
2014-08-14,0.0067948759511253015
2014-08-15,0.010106840087401071
2014-08-18,0.005570832897568418
2014-08-19,0.0
2014-08-20,-0.004454089779780753
2014-08-21,-0.015748582394363737
2014-08-22,-0.01946255645213388
2014-08-25,0.023987555641308746
2014-08-26,0.015677672984969592
2014-08-27,0.007748023241737215
2014-08-28,-0.0044200883170713795
2014-08-29,-0.003327934924665854
2014-09-01,-0.003338592386159867
2014-09-02,0.006666527310825693
2014-09-03,0.01210809473024085
2014-09-04,-0.005485626115937407
2014-09-05,-0.02112336910086586
2014-09-08,-0.02272830796452965
2014-09-09,-0.0350915073276133
2014-09-10,-0.030213811958303624
2014-09-11,0.01219540532788353
2014-09-12,-0.006078912840001093
2014-09-15,0.022906082248305346
2014-09-16,0.033981147754368585
2014-09-17,-0.020955420897165115
2014-09-18,0.007033854908259589
2014-09-19,0.011614659622896376
2014-09-22,-0.0485014107966635
2014-09-23,-0.006078912840001093
2014-09-24,-0.0036654042906353406
2014-09-25,-0.021027270471687797
2014-09-26,-0.0037572119913451213
2014-09-29,-0.08644101756900549
2014-09-30,0.036269961517776395
2014-10-01,0.006574394595319992
2014-10-02,0.03604003298281522
2014-10-03,-0.010165194468176972
2014-10-06,0.04860747284431287
2014-10-07,0.009685234238794135
2014-10-08,0.011976322082253507
2014-10-09,0.02932755222776124
2014-10-10,-0.06199837464996359
2014-10-13,-0.012376125217946348
2014-10-14,0.012376125217946288
2014-10-15,0.0036833055415029952
2014-10-16,-0.02355968934339026
2014-10-17,-0.012626568481154385
2014-10-20,-0.01407540073334244
2014-10-21,-0.022150638087605354
2014-10-22,0.01308879926512496
2014-10-23,-0.07982594583652719
2014-10-24,0.037322967828098214
2014-10-27,0.0
2014-10-28,0.042502978008429004
2014-10-29,-0.010457641193675699
2014-10-30,0.03613306378654828
2014-10-31,0.044617185037774
2014-11-03,0.041548967272873626
2014-11-04,-0.0034946227170921332
2014-11-05,0.013905433172901674
2014-11-06,-0.020931051290961192
2014-11-07,0.009356723000768794
2014-11-10,-0.016432146401450534
2014-11-11,-0.020323377722274084
2014-11-12,-0.03315223941696998
2014-11-13,-0.013828191226108512
2014-11-14,-0.0025349659315614544
2014-11-17,-0.01405783154775505
2014-11-18,0.03540202746677305
2014-11-19,0.030583359889022547
2014-11-21,0.0
2014-11-24,0.02733416261493775
2014-11-25,-0.045571652490987935
2014-11-26,-0.0036878334755624667
2014-11-27,0.007362216509166223
2014-11-28,-0.028520450861624504
2014-12-01,-0.022901829651724725
2014-12-02,0.029171715205304656
2014-12-03,0.012422551468311043
2014-12-04,-0.03902345904787314
2014-12-05,0.007673004851557551
2014-12-08,-0.037642489221502755
2014-12-09,0.01183443479837285
2014-12-10,0.009108687055384817
2014-12-11,-0.010416788517972638
2014-12-12,-0.05931662698079177
2014-12-15,-0.008368044032847764
2014-12-16,0.018043279636186203
2014-12-17,0.017723922300112653
2014-12-18,0.0
2014-12-19,0.0266678844860698
2014-12-22,0.0065576860538585965
2014-12-23,-0.011834434798372966
2014-12-26,0.003960572656060195
2014-12-29,0.018277103939265925
2014-12-30,-0.0025907875276704488
2015-01-02,-0.03430424933615193
2015-01-05,0.018617932924556626
2015-01-06,-0.013262935067073912
2015-01-07,0.03283281465531154
2015-01-08,-0.0077819486046304615
2015-01-09,-0.03444090537472855
2015-01-12,0.010724320129264721
2015-01-13,-0.010724320129264754
2015-01-14,-0.01630442079201882
2015-01-15,-0.002743605052361329
2015-01-16,0.008207780139090197
2015-01-19,-0.005464175086728891
2015-01-20,-0.041964425769975305
2015-01-21,0.007117661155794074
2015-01-22,-0.0042644680096218576
2015-01-23,0.004264468009621742
2015-01-26,-0.0071176611557941145
2015-01-27,-0.028987259262388203
2015-01-28,-0.02833903072718679
2015-01-29,0.03566491058699154
2015-01-30,-0.007325879859804698
2015-02-02,0.005864895676120897
2015-02-03,-0.04179724575082466
2015-02-04,-0.010727977401400614
2015-02-05,-0.013964579234196445
2015-02-06,-0.04964964955314645
2015-02-09,-0.00990150212375793
2015-02-10,0.018077917585593566
2015-02-11,-0.05696677719313286
2015-02-12,0.017094479841109983
2015-02-13,0.03169588189018731
2015-02-18,0.004913627426185979
2015-02-19,0.03846671211369072
2015-02-20,-0.0015736326139747857
2015-02-23,0.010963205754032482
2015-02-24,0.027651542303482442
2015-02-25,-0.024540984941983326
2015-02-26,0.021505949204273872
2015-02-27,-0.08397651540193321
2015-03-02,0.00494663914659572
2015-03-03,-0.03344816177542199
2015-03-04,-0.05775870930073013
2015-03-05,-0.010869479084823979
2015-03-06,-0.029577552282211907
2015-03-09,-0.0500104166505913
2015-03-10,0.04247778668894157
2015-03-11,-0.0075905005675713354
2015-03-12,0.04652000504143274
2015-03-13,-0.0446169715977252
2015-03-16,-0.03089033954572976
2015-03-17,-0.01183424820121272
2015-03-18,-0.009970606932314163
2015-03-19,0.019842060339408718
2015-03-20,0.00392174457058152
2015-03-23,0.0
2015-03-24,-0.007858929795811442
2015-03-25,-0.013902784825617793
2015-03-26,-0.004008196985201626
2015-03-27,-0.006041838955748614
2015-03-30,0.018018552584703338
2015-03-31,0.009871453407094416
2015-04-01,0.02904351684363222
2015-04-02,0.048426589093941125
2015-04-06,-0.001819322229999809
2015-04-07,-0.010989525036101821
2015-04-08,-0.07057222002487278
2015-04-09,-0.009930918766664996
2015-04-10,0.011904694894836344
2015-04-13,-0.005934268181864658
2015-04-14,-0.0019861842028746396
2015-04-15,0.0079204523847394
2015-04-16,0.025318119702557245
2015-04-17,-0.013552844857538975
2015-04-20,-0.011765274845018327
2015-04-22,0.005899980019348029
2015-04-23,-0.0019627947941182793
2015-04-24,0.013658629982309692
2015-04-27,0.015384886861322557
2015-04-28,-0.03495447819703336
2015-04-29,-0.01996079293902089
2015-04-30,0.014014116682452933
2015-05-04,0.044710771949817166
2015-05-05,0.0354847594796836
2015-05-06,0.018182368972865647
2015-05-07,-0.010869479084823979
2015-05-08,-0.08949855830035608
2015-05-11,-0.0059942857466259835
2015-05-12,-0.0020061066966405587
2015-05-13,-0.0040235872563729215
2015-05-14,-0.036965290222810414
2015-05-15,0.016597851029432124
2015-05-18,-0.00826478598291691
2015-05-19,-0.018848781909575486
2015-05-20,-0.023529951313378768
2015-05-21,0.00431905651076303
2015-05-22,-0.015201029965415402
2015-05-25,-0.008790841252781234
2015-05-26,-0.033673767019352735
2015-05-27,0.0045560158888046
2015-05-28,-0.002275413286549041
2015-05-29,-0.025376484483634127
2015-06-01,0.009302800298768368
2015-06-02,-0.01633627404046788
2015-06-03,-0.03349644288867991
2015-06-05,-0.004877475671107355
2015-06-08,-0.007362216509166191
2015-06-09,0.004914128553166791
2015-06-10,-0.0173055907967246
2015-06-11,-0.0075096461369370164
2015-06-12,-0.01774428621478884
2015-06-15,-0.007702555871385542
2015-06-16,-0.005168196728685302
2015-06-17,0.012870752600070673
2015-06-18,-0.018064842513434792
2015-06-19,0.015503910388862608
2015-06-22,0.012738647184199163
2015-06-23,-0.03346472787694422
2015-06-24,-0.02921873507084622
2015-06-25,-0.03566963569379366
2015-06-26,0.0
2015-06-29,-0.016901521461257788
2015-06-30,0.0028370057352106854
2015-07-01,-0.022923591342600722
2015-07-02,-0.03240364349916161
2015-07-03,-0.027315898566354538
2015-07-06,-0.01863375735756816
2015-07-07,-0.02539806953667468
2015-07-08,-0.04270002768984637
2015-07-10,0.016639981180315677
2015-07-13,-0.02675738574628562
2015-07-14,-0.010221930954669188
2015-07-15,-0.05273602076678668
2015-07-16,-0.04806900426135109
2015-07-17,-0.03468567794329785
2015-07-20,-0.0440943084383844
2015-07-21,0.13762031646778367
2015-07-22,0.08552326827658926
2015-07-23,0.1602202659043392
2015-07-24,-0.16350448340366594
2015-07-27,-0.08581578854992822
2015-07-28,0.024779804614087835
2015-07-29,-0.03922104399513593
2015-07-30,-0.0036431512242972247
2015-07-31,0.2701941877734207
2015-08-03,-0.07218127578229054
2015-08-04,0.02950075668933252
2015-08-05,-0.05068139728382151
2015-08-06,-0.04375659303467972
2015-08-07,-0.03247053834095927
2015-08-10,0.003295039134271431
2015-08-11,0.029175499206687796
2015-08-12,-0.04911051952127488
2015-08-13,-0.034132063068476076
2015-08-14,-0.010471683715528918
2015-08-17,0.03448634221803505
2015-08-18,0.06876626201273092
2015-08-19,-0.05864885744676096
2015-08-20,0.006689282859978983
2015-08-21,-0.05129302964398397
2015-08-24,-0.04301788437737792
2015-08-25,-0.025975268207957248
2015-08-26,0.007490999550127981
2015-08-27,0.007435301451776431
2015-08-28,-0.018692872610986608
2015-08-31,-0.03846656751365243
2015-09-01,-0.027834569401385796
2015-09-02,-0.004040505413589272
2015-09-03,0.039687959326287124
2015-09-04,-0.043744939573998456
2015-09-08,-0.03306081071210242
2015-09-09,0.020791597227100847
2015-09-10,-0.012422978408145352
2015-09-11,-0.05129390705452936
2015-09-14,-0.04484933533405988
2015-09-15,-0.037388987781814126
2015-09-16,0.05557052565323258
2015-09-17,0.026667797462641397
2015-09-18,-0.10146877242872622
2015-09-21,-0.029558282532166358
2015-09-22,-0.046044058613722176
2015-09-23,-0.005249584591270756
2015-09-24,0.02597482867220968
2015-09-25,-0.03655729424196245
2015-09-28,-0.043485029984409417
2015-09-29,-0.011173794496900705
2015-09-30,0.011173794496900837
2015-10-01,-0.09080634629765472
2015-10-02,-0.011473660136471702
2015-10-05,0.07410799008113911
2015-10-06,0.03578198503939463
2015-10-07,0.06986568481156788
2015-10-08,0.02663413867618007
2015-10-09,-0.036322067841910055
2015-10-13,-0.10097122087293668
2015-10-14,-0.027658873398522788
2015-10-15,-0.0074062572147330944
2015-10-16,-0.03942940031278389
2015-10-19,-0.01402005375168035
2015-10-20,-0.01980261578045078
2015-10-21,-0.04082197004933134
2015-10-22,0.0
2015-10-23,-0.013421286976572995
2015-10-26,0.046212432017934804
2015-10-27,0.0395307637957885
2015-10-28,-0.049256803961098175
2015-10-29,-0.043266373626153744
2015-10-30,0.0033945617387031476
2015-11-03,-0.04064558101871636
2015-11-04,0.03725101928001322
2015-11-05,0.0025476063514305912
2015-11-06,-0.04068080275876483
2015-11-09,-0.023237626254766268
2015-11-10,-0.051959291501637035
2015-11-11,0.005697581926798046
2015-11-12,-0.024928472462380502
2015-11-13,0.028710675181732377
2015-11-16,-0.019047708098212466
2015-11-17,0.05517933031327452
2015-11-18,-0.045611406861211734
2015-11-19,-0.0009519445942272072
2015-11-23,-0.015370744415544582
2015-11-24,0.037058751266140465
2015-11-25,-0.04776453244924913
2015-11-26,0.033674237357282776
2015-11-27,-0.05543598182939139
2015-11-30,-0.1244296812453613
2015-12-01,-0.09871382928397544
2015-12-02,0.009950676111185403
2015-12-03,0.07047619831680603
2015-12-04,-0.07917892261811868
2015-12-07,0.04635088577359923
2015-12-08,-0.053869144453153175
2015-12-09,0.01992674169126675
2015-12-10,0.04696815100819658
2015-12-11,-0.05688193908633666
2015-12-14,-0.025221302606013102
2015-12-15,0.11678941036265435
2015-12-16,0.04227643632903943
2015-12-17,0.1438263190113492
2015-12-18,-0.009479784646149748
2015-12-21,-0.038838791100845795
2015-12-22,0.07439052437277205
2015-12-23,0.08117294263051406
2015-12-28,0.3169126614741349
2015-12-29,0.10257868026576318
2015-12-30,-0.01685461553972318
2016-01-04,0.016854615539723162
2016-01-05,0.009977175881191198
2016-01-06,-0.09057698445539754
2016-01-07,-0.14254483336543256
2016-01-08,0.004171113036955875
2016-01-11,0.0
2016-01-12,-0.058547159170239685
2016-01-13,-0.006639150737517807
2016-01-14,0.049106390225904635
2016-01-15,0.014691480904229951
2016-01-18,-0.013985827105694173
2016-01-19,-0.021353477396234333
2016-01-20,-0.007221038921286425
2016-01-21,-0.007271537466775939
2016-01-22,-0.07186620032842066
2016-01-26,0.004696647474571165
2016-01-27,0.013183345517940164
2016-01-28,-0.010066594430638611
2016-01-29,0.09637113058831821
2016-02-01,0.027875558912615055
2016-02-02,-0.03853402319738178
2016-02-03,0.03509129972019918
2016-02-04,0.003442723477182556
2016-02-05,-0.0514735872391883
2016-02-10,-0.02788206390018913
2016-02-11,-0.05978777484730078
2016-02-12,0.18482052556317935
2016-02-15,0.1303246749276257
2016-02-16,0.09242492936613049
2016-02-17,-0.11574891904755488
2016-02-18,0.050615020986297575
2016-02-19,0.009489101192544662
2016-02-22,0.014340576550365797
2016-02-23,0.0391991985695756
2016-02-24,0.0005274222995669058
2016-02-25,-0.014846376203909828
2016-02-26,0.014846376203909922
2016-02-29,0.03617930179423995
2016-03-01,0.05433479408616304
2016-03-02,0.06107670965094644
2016-03-03,0.12922549793252866
2016-03-04,0.0055489481651839
2016-03-07,-0.0007911192252630592
2016-03-08,-0.01153735669059426
2016-03-09,0.06618816941355507
2016-03-10,0.016713296658537706
2016-03-11,-0.005169862157417029
2016-03-14,0.0359966055388742
2016-03-15,-0.013302017944283012
2016-03-16,0.03310551120382
2016-03-17,0.0017483329120397493
2016-03-18,-0.03957030413124977
2016-03-21,0.0823337791737724
2016-03-22,0.027743538956079714
2016-03-23,0.028894051979941292
2016-03-24,0.0
2016-03-28,-0.05797769526144232
2016-03-29,0.01332425510198139
2016-03-30,0.005939127691246244
2016-03-31,-0.038563525142944255
2016-04-01,0.014257705864878093
2016-04-04,-0.026640847311195762
2016-04-05,-0.020280494782069548
2016-04-06,-0.029029896270247112
2016-04-07,-0.009132409545093926
2016-04-08,0.041336144526816436
2016-04-11,0.010159015147666619
2016-04-12,0.013502051924699329
2016-04-13,-0.018743615246077497
2016-04-14,0.00209996898896832
2016-04-15,-0.0035030128307450767
2016-04-18,0.006993797385943177
2016-04-19,0.0020881601048499533
2016-04-20,0.010032599125016875
2016-04-22,-0.007254698717004648
2016-04-25,-0.007308625926797955
2016-04-26,0.012840483105855578
2016-04-27,0.17540160071077446
2016-04-28,-0.06484701015840089
2016-04-29,-0.011176748207629249
2016-05-02,0.08581341413468728
2016-05-03,-0.011817545082638579
2016-05-04,-0.07337233484762605
2016-05-05,-0.11739309162702982
2016-05-06,0.17645704174816956
2016-05-09,0.030415180995591398
2016-05-10,-0.0014277071845639456
2016-05-11,0.008535087574233966
2016-05-12,-0.022923793952193194
2016-05-13,-0.02554134159762943
2016-05-16,0.013292853556003304
2016-05-17,0.003806698834541005
2016-05-18,0.017961587018650006
2016-05-19,-0.009810180518146349
2016-05-20,0.014679089084541132
2016-05-23,-0.03636761309673457
2016-05-24,0.023716413326174926
2016-05-25,-0.01633627404046788
2016-05-27,-0.011834975168639473
2016-05-30,0.02556385588663282
2016-05-31,0.008377531414774344
2016-06-01,-0.02711888306814837
2016-06-02,0.023372530275842747
2016-06-03,0.010341926665817668
2016-06-06,0.06393081319728379
2016-06-07,0.019907757083193683
2016-06-08,0.0
2016-06-09,-0.009506346010814883
2016-06-10,-0.024169093897629893
2016-06-13,-0.04730968175186898
2016-06-14,-0.007436869381810569
2016-06-15,-0.0011495203303078353
2016-06-16,-0.02591487587421496
2016-06-17,0.0517357803521631
2016-06-20,0.030347398286782505
2016-06-21,0.023631753245519277
2016-06-22,-0.003456221390854971
2016-06-23,0.010595809775997158
2016-06-24,-0.025351392058653173
2016-06-27,-0.0002700539551051418
2016-06-28,0.026938245342501596
2016-06-29,0.0065573444267035385
2016-06-30,0.006514710378228732
2016-07-01,0.012903378759702705
2016-07-04,0.006389743745659575
2016-07-05,-0.002550550094405458
2016-07-06,-0.003839193651253959
2016-07-07,0.015267721846642764
2016-07-08,0.05406700878163535
2016-07-11,-0.0038352634454222614
2016-07-12,0.0038352634454222327
2016-07-13,0.0047730981063028866
2016-07-14,0.015358017396697572
2016-07-15,-0.0021122141395967246
2016-07-18,-0.0007057800053231009
2016-07-19,0.010990506677874889
2016-07-20,0.0034826808777777755
2016-07-21,-0.0034826808777778354
2016-07-22,0.000697992461924122
2016-07-25,0.04875663777588401
2016-07-26,0.0028734445915308124
2016-07-27,-0.005976962275714657
2016-07-28,-0.021998425986420028
2016-07-29,0.043089108883960586
2016-08-01,0.0
2016-08-02,-0.04786701331503271
2016-08-03,0.0124648498304725
2016-08-04,0.11878357949376166
2016-08-05,0.058268844099522626
2016-08-08,0.0009430540337953513
2016-08-09,0.0630055370913877
2016-08-10,0.02964509482709021
2016-08-11,0.013652122995313968
2016-08-12,0.01630655021772727
2016-08-15,-0.008708427822937011
2016-08-16,0.04425421260877276
2016-08-17,0.016914298587757618
2016-08-18,-0.022401182290222695
2016-08-19,-0.008123452275336089
2016-08-22,0.008123452275336146
2016-08-23,0.017643045007959265
2016-08-24,0.0
2016-08-25,-0.018290215087497966
2016-08-26,0.005168088889907573
2016-08-29,0.013122126197590263
2016-08-30,-0.029853158064806443
2016-08-31,-0.009049423511686135
2016-09-01,0.04460957365795421
2016-09-02,0.038606563395136836
2016-09-05,0.003491898848764479
2016-09-06,0.0018173575046234677
2016-09-08,-0.0030306346244995024
2016-09-09,-0.0001516146392532458
2016-09-12,-0.0028878353637767453
2016-09-13,-0.05796440011065832
2016-09-14,-0.006959789989660596
2016-09-15,0.007927000739516821
2016-09-16,0.007064994627760802
2016-09-19,0.02683647993839202
2016-09-20,0.018518947987884626
2016-09-21,0.0638217362671216
2016-09-22,0.010275602201348932
2016-09-23,-0.011711208849693995
2016-09-26,0.021600964661860247
2016-09-27,0.043601640207732606
2016-09-28,0.009377481386881117
2016-09-29,0.0018649203334806636
2016-09-30,0.01793761654306471
2016-10-03,0.016979149627271553
2016-10-04,0.01517792907438376
2016-10-05,0.02438370342178359
2016-10-06,0.021992412700118036
2016-10-07,0.0268272014120981
2016-10-10,0.06269878338706279
2016-10-11,-0.0014375951325117495
2016-10-13,-0.02090964897097395
2016-10-14,0.02763696516584325
2016-10-17,-0.010829924271451647
2016-10-18,0.01104980989308754
2016-10-19,0.010820161194602086
2016-10-20,0.00010895454577509363
2016-10-21,0.011026000276171294
2016-10-24,0.054395166441166855
2016-10-25,-0.1683692675750069
2016-10-26,-0.17751392875657507
2016-10-27,0.26942283367190223
2016-10-28,-0.0449563404991602
2016-10-31,0.0609828697497828
2016-11-01,-0.0039012035297041826
2016-11-03,-0.0010861297785765046
2016-11-04,0.00876573615263553
2016-11-07,0.012740417757201623
2016-11-08,0.009634329058788292
2016-11-09,0.03193632044045774
2016-11-10,-0.03277961620012189
2016-11-11,-0.0010551896220210005
2016-11-14,-0.028155867808363884
2016-11-16,-0.005334276917164435
2016-11-17,0.0016359297440868617
2016-11-18,0.016643721590473805
2016-11-21,0.028006984120168076
2016-11-22,0.005923105725546514
2016-11-23,0.01918886041698362
2016-11-24,-0.010112766969836498
2016-11-25,0.0
2016-11-28,0.008281757037168564
2016-11-29,0.02949648839410771
2016-11-30,0.02778642463726354
2016-12-01,-0.03423337860989202
2016-12-02,-0.015037876380737142
2016-12-05,-0.012195205561440967
2016-12-06,0.041558053230549806
2016-12-07,0.003915665277310484
2016-12-08,0.029269579814983362
2016-12-09,0.007656284335106502
2016-12-12,-0.025655904940213765
2016-12-13,0.017145030934204865
2016-12-14,-0.021987143416264964
2016-12-15,0.03002704562138593
2016-12-16,0.007975716405599648
2016-12-19,-0.02077522435245419
2016-12-20,-0.010069392216364534
2016-12-21,0.025409320558947082
2016-12-22,-0.006315707838123946
2016-12-23,0.0004725060809937121
2016-12-26,0.0018887798556350393
2016-12-27,-0.010431659286151468
2016-12-28,0.011657160756716264
2016-12-29,0.00037696454483830574
2017-01-02,-0.04291599454350201
2017-01-03,-0.003052507089938274
2017-01-04,-0.05472495680405767
2017-01-05,0.0337973750653367
2017-01-06,-0.006465925888826071
2017-01-09,-0.046577957691793986
2017-01-10,0.023508330624488614
2017-01-11,0.011242362335231697
2017-01-12,0.06453865917843349
2017-01-13,0.0190481487992247
2017-01-16,-0.01991410252114444
2017-01-17,0.0199141025211445
2017-01-18,0.005175334718925082
2017-01-19,0.007945649035530616
2017-01-20,0.11009788543161853
2017-01-23,0.04165572229211087
2017-01-24,0.04259961970214362
2017-01-26,-0.022640104463039414
2017-01-27,-0.02565577154334079
2017-01-30,-0.06386819454541814
2017-01-31,0.09320286744334437
2017-02-01,-0.007765104432747669
2017-02-02,0.0
2017-02-03,0.0
2017-02-06,0.09021500406281814
2017-02-07,0.007240350438761976
2017-02-08,-0.021661398115135233
2017-02-09,0.0
2017-02-10,0.009299617660358575
2017-02-13,0.09459995228838178
2017-02-14,-0.016584109636889926
2017-02-15,0.02965615998142927
2017-02-16,0.012903374413678725
2017-02-17,0.0472626924612618
2017-02-20,0.07336525159539685
2017-02-21,0.0844039512421419
2017-02-22,0.011267867068590459
2017-02-23,0.05724437543834764
2017-02-24,0.014666721402876634
2017-03-01,0.032571216924767825
2017-03-02,-0.0823710222661558
2017-03-03,-0.015216202862978005
2017-03-06,5.126359749631681e-05
2017-03-07,-0.05220582281409819
2017-03-08,-0.050412347730989016
2017-03-09,0.05251706820911583
2017-03-10,-0.08133747769004322
2017-03-13,-0.005512211561696312
2017-03-14,0.01714022264543563
2017-03-15,0.01542953519167495
2017-03-16,0.10913849678780212
2017-03-17,-0.0634674431788231
2017-03-20,0.061219416905708826
2017-03-21,-0.06067573189501749
2017-03-22,-0.008953033535838251
2017-03-23,0.035764192660128945
2017-03-24,-0.03719105892810307
2017-03-27,-0.003300188859092679
2017-03-28,-0.02708534071446069
2017-03-29,0.020729017567838685
2017-03-30,0.0035976893851563697
2017-03-31,-0.021782518030925513
2017-04-03,0.03271705369161009
2017-04-04,0.004362127936090203
2017-04-05,0.016405387988023882
2017-04-06,0.0062428247494092344
2017-04-07,-0.0023965032547533273
2017-04-10,-0.013689631494884566
2017-04-11,0.012409167425598193
2017-04-12,-0.04275686427771548
2017-04-13,-0.042455465217531886
2017-04-17,0.0981546855087853
2017-04-18,0.03693786268542127
2017-04-19,0.04523093840895979
2017-04-20,0.03903400306634305
2017-04-24,-0.01980256149213313
2017-04-25,-0.002383801144740319
2017-04-26,0.007797646377704117
2017-04-27,0.0500659238346103
2017-04-28,0.003642244271255551
2017-05-02,0.02740502853755343
2017-05-03,0.00444463905379534
2017-05-04,-0.013129231948008968
2017-05-05,0.13187805176560885
2017-05-08,0.015325934074452725
2017-05-09,0.030776353395639406
2017-05-10,0.031859284233910434
2017-05-11,-0.06073634344610499
2017-05-12,0.005676531084814246
2017-05-15,0.02790875829623581
2017-05-16,0.034268550924595305
2017-05-17,-0.0051907692593277585
2017-05-18,-0.17713093563262458
2017-05-19,0.05585740313215079
2017-05-22,-0.11330619874121278
2017-05-23,0.08634650171613363
2017-05-24,0.031696971150408246
2017-05-25,-0.0038120957063260247
2017-05-26,0.024895575781994906
2017-05-29,0.0
2017-05-30,0.01941806420363412
2017-05-31,-0.035228631487745916
2017-06-01,-0.013557662525486977
2017-06-02,-0.025025909013927875
2017-06-05,-0.018851538944271988
2017-06-06,4.229318029711309e-05
2017-06-07,0.05135864705015568
2017-06-08,0.03047406795641932
2017-06-09,-0.020463733229374403
2017-06-12,-0.014751119956243737
2017-06-13,0.0292095009871265
2017-06-14,0.005188491814563426
2017-06-15,0.0
2017-06-16,0.007752008960115145
2017-06-19,-0.007752008960115192
2017-06-20,-0.04427307445644651
2017-06-21,-0.003544790773900337
2017-06-22,-0.02479465370970691
2017-06-23,0.023528584884188426
2017-06-26,0.025460896736608257
2017-06-27,-0.020121485632984326
2017-06-28,-0.020534579987572743
2017-06-29,0.030565415343920634
2017-06-30,0.029815132875922763
2017-07-03,0.015504148888459357
2017-07-04,0.0
2017-07-05,0.0
2017-07-06,-0.0023103082785736907
2017-07-07,0.09583573703801561
2017-07-10,0.042282212472257774
2017-07-11,0.0205055379068818
2017-07-12,0.03557780158125391
2017-07-13,-0.04214562693846927
2017-07-14,0.04531521481119682
2017-07-17,0.04347162836995872
2017-07-18,0.04142784807318126
2017-07-19,0.0031925782274221833
2017-07-20,0.009459565552430153
2017-07-21,-0.038864845130537964
2017-07-24,-0.000298456361152996
2017-07-25,0.03349253504766515
2017-07-26,-0.007708407691877251
2017-07-27,0.012345353199483001
2017-07-28,0.05209315801674732
2017-07-31,0.000681674588640711
2017-08-01,0.009413641338119186
2017-08-02,0.004122746125458918
2017-08-03,0.0015047944965961228
2017-08-04,0.05373359662085864
2017-08-07,0.01765494204656514
2017-08-08,-0.014149639916433077
2017-08-09,0.027731961031514984
2017-08-10,-0.022194285472639224
2017-08-11,0.042940958116859884
2017-08-14,0.07376278457656953
2017-08-15,0.019113435314844624
2017-08-16,0.07573569293815237
2017-08-17,-0.0829381123131888
2017-08-18,0.015401850424423344
2017-08-21,0.03222627932264105
2017-08-22,-0.010691333641943544
2017-08-23,-0.010482720849201295
2017-08-24,0.02980464353842436
2017-08-25,0.0034942514269471884
2017-08-28,0.031295010728177926
2017-08-29,0.00406061070686171
2017-08-30,0.037590973325695436
2017-08-31,0.09795448753992288
2017-09-01,-0.006818885552990246
2017-09-04,0.09729987497770873
2017-09-05,0.05355845813662046
2017-09-06,0.04074387246839996
2017-09-07,0.0
2017-09-08,-0.0790284712895689
2017-09-11,-0.007887087218252695
2017-09-12,-0.12615123910439205
2017-09-13,0.04642778602104626
2017-09-14,0.12589513912276745
2017-09-15,0.014407852407235928
2017-09-18,-0.02359631592550118
2017-09-19,-0.029983500059625613
2017-09-20,-0.043414631120526695
2017-09-21,0.008309720964152011
2017-09-22,-0.014287860886985413
2017-09-25,-0.04427008602158339
2017-09-26,0.030045474529265127
2017-09-27,-0.07987374716727998
2017-09-28,0.03509638282114466
2017-09-29,0.047746279769313636
2017-10-02,0.0482703402645623
2017-10-03,0.014152069643224434
2017-10-04,0.006435749632797947
2017-10-05,-0.013933118593677359
2017-10-06,0.01644570940383477
2017-10-09,-0.024256710449979308
2017-10-10,0.023252398788791796
2017-10-11,-0.03345992745893567
2017-10-12,0.0
2017-10-13,-0.05746399569810852
2017-10-16,-0.04789643521208408
2017-10-17,-0.0826917596800953
2017-10-18,0.10297521692898855
2017-10-19,-0.010375982204694002
2017-10-20,0.03454423020939533
2017-10-23,-0.045895716984233594
2017-10-24,-0.005797179089047652
2017-10-25,0.00029066799930553496
2017-10-26,-0.04669991590874331
2017-10-27,-0.02591139470051503
2017-10-30,-0.011788004113463231
2017-10-31,0.007874088798288577
2017-11-01,0.04957411914027481
2017-11-02,0.0
2017-11-03,-0.08501841198237181
2017-11-06,-0.07647365029921661
2017-11-07,-0.10011109770143523
2017-11-08,0.06657251962967936
2017-11-09,-0.06366813771850097
2017-11-10,-0.05280053379580458
2017-11-13,0.041522969344517914
2017-11-14,0.07131061782110551
2017-11-15,0.0
2017-11-16,0.03717366242043776
2017-11-17,0.0395580659695425
2017-11-20,0.0
2017-11-21,0.021685545669158552
2017-11-22,-0.004465432108124454
2017-11-23,-0.027219395072899784
2017-11-24,0.04561378483763933
2017-11-27,-0.030735988366784955
2017-11-28,-0.013856301723714848
2017-11-29,-0.009746197022949475
2017-11-30,-0.02399688098797882
2017-12-01,0.024168751021247215
2017-12-04,-0.008800087011653013
2017-12-05,-0.0034721493963693387
2017-12-06,0.013988642561109101
2017-12-07,0.10027129792451867
2017-12-08,0.0818787209174934
2017-12-11,-0.002862901088911914
2017-12-12,-0.0005734902003474957
2017-12-13,-0.013283484854533479
2017-12-14,0.005797179089047776
2017-12-15,0.003029982360565763
2017-12-18,-0.008972574569443453
2017-12-19,-0.027560403089199083
2017-12-20,0.03955399441520593
2017-12-21,0.036526626459626683
2017-12-22,0.00896123385215109
2017-12-25,0.0
2017-12-26,0.03546039992374032
2017-12-27,0.023693800679163088
2017-12-28,0.037078851121275826
2017-12-29,0.0
2018-01-02,-0.011534740030596194
2018-01-03,-0.012690495061308028
2018-01-04,0.023726541761402944
2018-01-05,-0.019902446277280637
2018-01-08,0.00012726537891186255
2018-01-09,-0.024336488442335068
2018-01-10,0.010115519656628782
2018-01-11,0.0018047317324844994
2018-01-12,-0.0010308884376118695
2018-01-15,0.017129387581564456
2018-01-16,-0.0025380994369229816
2018-01-17,0.0010160460723580638
2018-01-18,-0.016510265775456685
2018-01-19,-0.009595501123280973
2018-01-22,0.003251963889187631
2018-01-23,-0.029522340235379998
2018-01-24,0.0800426875304096
2018-01-25,0.0
2018-01-26,0.022102330931638464
2018-01-29,0.021506200190460997
2018-01-30,0.0007089991484825243
2018-01-31,-0.0011818674972538497
2018-02-01,0.015256691538123585
2018-02-02,-0.023569340829290148
2018-02-05,-0.039277946183912275
2018-02-06,0.012448564858174834
2018-02-07,-0.03287152631026337
2018-02-08,-0.03871450348572985
2018-02-09,-0.028155794677722275
2018-02-14,0.010902579633867286
2018-02-15,0.058622493099586476
2018-02-16,-0.0076036334278075345
2018-02-19,0.0453860186378539
2018-02-20,0.008835182266864111
2018-02-21,-0.04246010700502521
2018-02-22,0.023360939852147607
2018-02-23,0.06617217943807324
2018-02-26,0.08090009206221044
2018-02-27,-0.03035426158147254
2018-02-28,-0.004930200533031358
2018-03-01,0.012334380403443092
2018-03-02,0.007134420451025226
2018-03-05,-0.02663332579539436
2018-03-06,-0.013587474334323607
2018-03-07,0.009486158560416357
2018-03-08,-0.02008259978094916
2018-03-09,0.02749700440235844
2018-03-12,0.020515810717397207
2018-03-13,-0.011187887287486067
2018-03-14,-0.02041448429568493
2018-03-15,0.01438870939184744
2018-03-16,0.018508914303416907
2018-03-19,-0.021811062829490514
2018-03-20,-0.007747733076551028
2018-03-21,0.03278988597364637
2018-03-22,0.02537428061572387
2018-03-23,-0.006204369837172791
2018-03-26,0.053400740657521685
2018-03-27,-0.03355677536344774
2018-03-28,0.0030975752788677128
2018-03-29,0.009337746337534394
2018-04-02,0.00010210049109721651
2018-04-03,-0.00943984682863165
2018-04-04,-0.005167923798713524
2018-04-05,0.02244061594860773
2018-04-06,-0.005996284674710168
2018-04-09,-0.015098130771787554
2018-04-10,-0.018065544132425206
2018-04-11,0.02054620535895028
2018-04-12,0.026888234273139175
2018-04-13,-0.012742914165045725
2018-04-16,-0.021397777949918442
2018-04-17,0.00859351991190349
2018-04-18,-0.01349265396441729
2018-04-19,-0.013889163659108385
2018-04-20,0.026453545362046714
2018-04-23,0.030086668306859996
2018-04-24,0.012339642073736641
2018-04-25,0.0032585018672981977
2018-04-26,0.029719535211410027
2018-04-27,0.007626366652589676
2018-04-30,0.013301446097911361
2018-05-02,-0.04025203866653285
2018-05-03,-0.05309209444784746
2018-05-04,0.0051308016800978695
2018-05-07,-0.008738111093339242
2018-05-08,0.13627669722311986
2018-05-09,0.014668053175896983
2018-05-10,-0.0281835737663671
2018-05-11,-0.007792850233078035
2018-05-14,-0.004612573073995856
2018-05-15,-0.015655905046229338
2018-05-16,0.0525088042217407
2018-05-17,-0.025818307431462295
2018-05-18,-0.03973663519749032
2018-05-21,0.04138132430672824
2018-05-22,0.039999972587887636
2018-05-23,-0.018771583498929687
2018-05-24,0.009872442896475524
2018-05-25,-0.008800393565580203
2018-05-28,-0.06453854444316996
2018-05-29,-0.004868969652998437
2018-05-30,0.036921173448476806
2018-06-01,0.06299819642403898
2018-06-04,0.07400906126218566
2018-06-05,-0.027063926293994067
2018-06-06,-0.05686680504779042
2018-06-07,-0.07188348621735133
2018-06-08,-0.008589447974988989
2018-06-11,0.006896274225172736
2018-06-12,0.03496789461356088
2018-06-13,0.021672622389103106
2018-06-14,0.06032634295048026
2018-06-15,0.003511403655556231
2018-06-18,-0.01717222231578959
2018-06-19,0.04871743887346987
2018-06-20,-0.016059066130795184
2018-06-21,-0.0006576528062075692
2018-06-22,0.009819240409762623
2018-06-25,-0.000488646940843427
2018-06-26,0.008032879382202877
2018-06-27,-0.018021451058949266
2018-06-28,0.01648470056149361
2018-06-29,0.03530627737471525
2018-07-02,-0.020204351324309998
2018-07-03,-0.00720112913476565
2018-07-04,-0.0014464905467674375
2018-07-05,-0.03560849857427732
2018-07-06,0.01406727204633352
2018-07-10,-0.03045072006478807
2018-07-11,-0.030446134608432332
2018-07-12,0.07452580222327994
2018-07-13,0.01823278562933228
2018-07-16,0.016576217596661516
2018-07-17,0.032805036079727797
2018-07-18,-0.0390086626062055
2018-07-19,0.015786530746505732
2018-07-20,0.015388432853316964
2018-07-23,-0.008819420068687658
2018-07-24,0.029898328912735292
2018-07-25,-0.005698071851707118
2018-07-26,-0.010962076873987219
2018-07-27,-0.013392207916961668
2018-07-30,0.0015396123086381384
2018-07-31,0.01723523107741696
2018-08-01,0.015008597590482594
2018-08-02,0.019107200269248725
2018-08-03,0.0008034401549002309
2018-08-06,0.007564815078760069
2018-08-07,0.055667740100254916
2018-08-08,-0.04106474244946356
2018-08-09,0.04850787633106388
2018-08-10,-0.055674853785928576
2018-08-13,0.01407017898843442
2018-08-14,0.005939751340679076
2018-08-15,-0.02260267591415861
2018-08-16,-0.017238633485735875
2018-08-17,-0.019633947701673017
2018-08-20,0.03470687576994128
2018-08-21,-0.04380158231730256
2018-08-22,0.01349952678050693
2018-08-23,-0.011010946900728381
2018-08-24,-0.005816316430345272
2018-08-27,-0.004403662841304125
2018-08-28,-0.015953694625148868
2018-08-29,0.021190305653904545
2018-08-30,-0.03473455782271962
2018-08-31,0.020555363317572652
2018-09-03,-0.029529607203807123
2018-09-04,-0.06924148314261709
2018-09-05,0.03194199957296688
2018-09-06,0.02728581978609066
2018-09-10,-0.027039567909237564
2018-09-11,-0.022909383674225323
2018-09-12,0.0025157785619156444
2018-09-13,-0.03381501523449505
2018-09-14,0.00492597749048598
2018-09-17,0.024608429776490866
2018-09-18,0.04554470428881409
2018-09-19,-0.04453583332615265
2018-09-20,-0.004378923814473214
2018-09-21,0.04545294313377443
2018-09-24,-0.021272998282247466
2018-09-25,0.014313420999991533
2018-09-26,-0.008072177995793522
2018-09-27,0.0164018170494151
2018-09-28,-0.01362226053810385
2018-10-01,0.0011424004043487403
2018-10-02,0.061434903558408416
2018-10-03,0.06631035108476681
2018-10-04,0.0011475676810316889
2018-10-05,0.01776252881320458
2018-10-08,0.04502714964716286
2018-10-09,0.011113457428167542
2018-10-10,-0.044587950910555604
2018-10-11,0.04791133087809149
2018-10-15,-0.004655795889842777
2018-10-16,0.05952601888279471
2018-10-17,0.015890635060112495
2018-10-18,-0.005393198594310786
2018-10-19,0.049239961874357314
2018-10-22,-0.011306263377470517
2018-10-23,0.011661283902589794
2018-10-24,-0.006289780407788989
2018-10-25,0.0013086849291101374
2018-10-26,-0.008477094486845308
2018-10-29,-0.0021005579158139952
2018-10-30,0.016800096788917036
2018-10-31,-0.0027804761165324166
2018-11-01,0.006671966377510879
2018-11-05,0.01767378847193056
2018-11-06,-0.08730571154758962
2018-11-07,-0.049137240475901796
2018-11-08,-0.022314794641874632
2018-11-09,-0.007960004873648473
2018-11-12,0.04761853093630121
2018-11-13,-0.0008470589021894885
2018-11-14,0.013531628418705085
2018-11-16,0.006410304639362815
2018-11-19,-0.0022388769037606847
2018-11-21,-0.005844799211132389
2018-11-22,0.03020148918668421
2018-11-23,0.014580686078395879
2018-11-26,-0.02608412307067397
2018-11-27,0.06486644758899691
2018-11-28,0.007555688740579194
2018-11-29,0.006973584425714483
2018-11-30,-0.039365600087624505
2018-12-03,-0.015302031994029273
2018-12-04,0.016334142640807504
2018-12-05,0.0006672225518579046
2018-12-06,0.002543597535493344
2018-12-07,-0.005945156582357891
2018-12-10,-0.023517472262493566
2018-12-11,0.023760836199612848
2018-12-12,0.021722303562488516
2018-12-13,-0.002980640428652978
2018-12-14,0.018338343532042695
2018-12-17,-0.0031115568279900226
2018-12-18,0.033705577428150106
2018-12-19,0.006290570939453931
2018-12-20,0.005240174203777375
2018-12-21,0.026727435316643195
2018-12-26,-0.03338100008703265
2018-12-27,-0.015737517295010654
2018-12-28,0.03982837268903032
2019-01-02,0.02680923278579695
2019-01-03,-0.010757210672858652
2019-01-04,-0.03090750565586423
2019-01-07,0.015407591540106211
2019-01-08,-0.008091328313057691
2019-01-09,-0.0033443701313027687
2019-01-10,0.009667835508762726
2019-01-11,-0.018134092488682384
2019-01-14,0.00785194867988844
2019-01-15,-0.011405577320148184
2019-01-16,-0.011194273345730848
2019-01-17,-0.002975831342547744
2019-01-18,-0.00160605204744959
2019-01-21,-0.04221024015794231
2019-01-22,-0.030088934479428394
2019-01-23,0.04553781537676569
2019-01-24,-0.012578784155023337
2019-01-28,-0.0005972513986148808
2019-01-29,0.06207847803604073
2019-01-30,-0.011009264416761276
2019-01-31,0.01644093538096634
2019-02-01,-0.001508938601452215
2019-02-04,-0.009722763350154973
2019-02-05,-0.008906088175993277
2019-02-06,-0.03360688740563352
2019-02-07,-0.017236612877827705
2019-02-08,0.01900291564382589
2019-02-11,-0.027855017003340525
2019-02-12,-0.0032108200873510774
2019-02-13,-0.02146664010156544
2019-02-14,0.05658308860336862
2019-02-15,-0.0401655817057379
2019-02-18,0.02748961763370382
2019-02-19,0.006623378760286097
2019-02-20,-0.04311848854509212
2019-02-21,-0.008652682372461662
2019-02-22,0.09919627771234103
2019-02-25,-0.02389191521618466
2019-02-26,0.027258920901004517
2019-02-27,-0.014104590187503643
2019-02-28,-0.014536963292389706
2019-03-01,0.010095289254397446
2019-03-06,-0.020817844757805456
2019-03-07,0.03177235944344902
2019-03-08,0.020505259276175233
2019-03-11,0.009631531358864201
2019-03-12,-0.02058614670542915
2019-03-13,-0.008817058387990078
2019-03-14,-0.004409533300304812
2019-03-15,0.0039017293756354577
2019-03-18,0.01806485914341347
2019-03-19,0.0015507261175139373
2019-03-20,0.005133440967199755
2019-03-21,0.003407688195529015
2019-03-22,-0.05035516842343763
2019-03-25,-0.0010969570754230486
2019-03-26,0.019903470302108726
2019-03-27,-0.04986673596906394
2019-03-28,0.016470790449624104
2019-03-29,0.011989459188855953
2019-04-01,-0.009066152403061085
2019-04-02,-0.030467072697248715
2019-04-03,0.017421887973999538
2019-04-04,-0.00041415262950008654
2019-04-05,0.0058409375951750265
2019-04-08,-0.01930393865579592
2019-04-09,-0.0025821707822420888
2019-04-10,0.014268485610972293
2019-04-11,-0.01613423568249183
2019-04-12,-0.007073119040262013
2019-04-15,-0.008101661667862081
2019-04-16,-0.004905028215888477
2019-04-17,-0.017859795518467794
2019-04-18,0.06644509007541399
2019-04-22,-0.021302575219767816
2019-04-23,0.022472824629246293
2019-04-24,0.008501794831121444
2019-04-25,0.014620642215500452
2019-04-26,0.022320488189501313
2019-04-29,-0.0024618485971567004
2019-04-30,0.06898917203772267
2019-05-02,-0.00272249577398673
2019-05-03,0.028478078758387565
2019-05-06,0.019977466906669
2019-05-07,-0.04109051232085426
2019-05-08,0.0070012442677598275
2019-05-09,-0.0400686287358006
2019-05-10,0.0032223434153842746
2019-05-13,-0.03536331625815625
2019-05-14,-0.009880868340543596
2019-05-15,-0.029895474954057404
2019-05-16,-0.03529777214280882
2019-05-17,0.010839209549455308
2019-05-20,0.024458562593353297
2019-05-21,0.03638209353748783
2019-05-22,0.004671070970049167
2019-05-23,0.0011089305276777294
2019-05-24,-0.020151810652415
2019-05-27,0.006481639201131674
2019-05-28,0.05996349657877812
2019-05-29,0.0014275619404236957
2019-05-30,0.01894547649505891
2019-05-31,0.015994618066396522
2019-06-03,-0.006449368725749326
2019-06-04,-0.0011302983008556603
2019-06-05,-0.01726734042271444
2019-06-06,-0.006190955212549398
2019-06-07,0.04346047361768937
2019-06-10,0.02020271783997652
2019-06-11,0.022896314716181386
2019-06-12,-0.01983929259472713
2019-06-13,0.03145173961353088
2019-06-14,0.00930722040861656
2019-06-17,-0.019424556973680892
2019-06-18,0.0028873929732249584
2019-06-19,0.009088784595553958
2019-06-21,0.012540123685633212
2019-06-24,-0.012635339359149721
2019-06-25,-0.01666343449160513
2019-06-26,0.009350362145681818
2019-06-27,0.000958981585564081
2019-06-28,0.01176851192629293
2019-07-01,-0.004367236610811697
2019-07-02,0.010694275874490013
2019-07-03,0.038730004526435394
2019-07-04,0.001131265869050493
2019-07-05,0.022273832294738033
2019-07-08,0.014578286544193539
2019-07-10,0.017714933959896748
2019-07-11,-0.011760578468099041
2019-07-12,0.00553133592613394
2019-07-15,-0.006051435371094327
2019-07-16,0.014419669106158323
2019-07-17,0.04344423226020037
2019-07-18,0.01062299488103161
2019-07-19,-0.0369075969476988
2019-07-22,0.03832361965438361
2019-07-23,-0.021866610470475722
2019-07-24,0.015621120527378128
2019-07-25,-0.005425329023361067
2019-07-26,0.030295628917249975
2019-07-29,0.04576215536326502
2019-07-30,0.0028390158452925042
2019-07-31,-0.0031423349853188336
2019-08-01,0.047322830359344065
2019-08-02,0.025177704968692507
2019-08-05,-0.026987620366531687
2019-08-06,0.0590889000909712
2019-08-07,-0.007955040863868465
2019-08-08,0.02260137006281075
2019-08-09,0.017085261083923425
2019-08-12,-0.036661790904017014
2019-08-13,0.03851290253067676
2019-08-14,-0.024065326890134072
2019-08-15,-0.01747241588326
2019-08-16,0.03384643058733376
2019-08-19,0.0071628343180303
2019-08-20,-0.03496861717461682
2019-08-21,0.0002737219735057145
2019-08-22,-0.059479268723687875
2019-08-23,-0.019059424771534515
2019-08-26,-0.002371079925604927
2019-08-27,0.015020234563469292
2019-08-28,0.020255253826695192
2019-08-29,0.06514705870551389
2019-08-30,-0.026378131400829785
2019-09-02,0.008779227420400177
2019-09-03,-0.020141360010415575
2019-09-04,0.036128678033820694
2019-09-05,-0.013531972998999995
2019-09-06,-0.01925784105306668
2019-09-09,-0.0512932800770954
2019-09-10,-0.05098560669082881
2019-09-11,0.06261367281054113
2019-09-12,0.011494313685087968
2019-09-13,-0.026050670638835552
2019-09-16,0.022329495715753805
2019-09-17,-0.0005737482898145383
2019-09-18,0.006007722178568718
2019-09-19,0.021166299709481452
2019-09-20,0.020727647209725773
2019-09-23,-0.015713673989948933
2019-09-24,0.021441203203260595
2019-09-25,-0.0013607884033703765
2019-09-26,-0.004093332643399396
2019-09-27,0.006269617474606937
2019-09-30,0.006500580688749769
2019-10-01,0.011008338078428511
2019-10-02,-0.02569450141032751
2019-10-03,0.021681119264747396
2019-10-04,0.03891128960066808
2019-10-07,-0.009847193332093971
2019-10-08,-0.010471239942264928
2019-10-09,0.042504775253096434
2019-10-10,-0.01806898173734472
2019-10-11,0.03927994772802965
2019-10-14,0.04040710470732798
2019-10-15,-0.008812720786703383
2019-10-16,0.02270672552371851
2019-10-17,0.009542756410460849
2019-10-18,-0.0039457130324467874
2019-10-21,0.0023229060635111373
2019-10-22,0.01428268216337354
2019-10-23,-0.00527464014796239
2019-10-24,-0.005533806709917522
2019-10-25,-0.02932765865219045
2019-10-28,0.01582654662493911
2019-10-29,-0.03627218011118731
2019-10-30,0.06742014978578903
2019-10-31,0.013986257416507292
2019-11-01,0.05555167107687565
2019-11-04,-0.04818643415282573
2019-11-05,-0.020897313047130554
2019-11-06,0.025998802585966735
2019-11-07,-0.022372316372508697
2019-11-08,-0.008862625486759765
2019-11-11,0.0272446625682802
2019-11-12,-0.03664735546332261
2019-11-13,-0.020955359338532663
2019-11-14,0.040351308969402665
2019-11-18,0.01636255094689467
2019-11-19,-0.010279427097432531
2019-11-21,0.010723989551237325
2019-11-22,0.010829995215752121
2019-11-25,-0.026507827902858504
2019-11-26,-0.028854738129972635
2019-11-27,0.05777779375097829
2019-11-28,0.0
2019-11-29,-0.012578822058760875
2019-12-02,-0.0024457651010595218
2019-12-03,-0.007373538385661311
2019-12-04,-0.011730331799056597
2019-12-05,0.018435764225657878
2019-12-06,0.011297034995018761
2019-12-09,0.009863091303999528
2019-12-10,0.01622540862823507
2019-12-11,0.02081196206563329
2019-12-12,0.0052405057627976735
2019-12-13,0.02559482143661991
2019-12-16,0.0046762340354261685
2019-12-17,-0.029226187310413293
2019-12-18,0.013484256300619658
2019-12-19,0.0018528183863137804
2019-12-20,-0.0006172471530985992
2019-12-23,0.0030822989801802076
2019-12-26,0.007155342337628762
2019-12-27,-0.007360542553671699
2019-12-30,-0.02136343532285439
2020-01-02,0.03360099067269984
2020-01-03,-0.00895952753447335
2020-01-06,0.0008178640636217861
2020-01-07,-0.0028653217148447915
2020-01-08,0.03028086731370606
2020-01-09,0.0349747292542222
2020-01-10,-0.005390830348007872
2020-01-13,0.04584406231673368
2020-01-14,-0.004250217274694318
2020-01-15,-0.006316171659858535
2020-01-16,-0.0037341129265572558
2020-01-17,0.016510890054834172
2020-01-20,0.02990706891341803
2020-01-21,-0.0016084469304691298
2020-01-22,-0.003942593913024656
2020-01-23,0.015854897816744477
2020-01-24,-0.007628809141954805
2020-01-27,-0.042753280495687225
2020-01-28,0.05760236250324455
2020-01-29,0.005250273114550002
2020-01-30,-0.013885419443416768
2020-01-31,-0.012466842865209167
2020-02-03,0.012997640605922203
2020-02-04,0.019792219941474596
2020-02-05,-0.006263112336777469
2020-02-06,-0.025989176583325328
2020-02-07,-0.029077169379213078
2020-02-10,-0.03470939236826898
2020-02-11,0.035446751474977126
2020-02-12,0.030308048669538425
2020-02-13,0.019648487091212558
2020-02-14,-0.01270091193531753
2020-02-17,0.04376465942094726
2020-02-18,-0.010762970448375847
2020-02-19,-0.006202569612530929
2020-02-20,-0.02307803241760973
2020-02-21,-0.0015929572748569708
2020-02-26,-0.06533017166285648
2020-02-27,-0.0510146398002474
2020-02-28,0.005358787905432226
2020-03-02,0.03939579250353385
2020-03-03,0.00569261334854127
2020-03-04,-0.0075973960126015675
2020-03-05,-0.09304390507000261
2020-03-06,-0.05284738965863478
2020-03-09,-0.11612986088914296
2020-03-10,0.1520956096638226
2020-03-11,-0.08687594865755824
2020-03-12,-0.2366983612639628
2020-03-13,0.2113091028066578
2020-03-16,-0.20925230682741014
2020-03-17,0.04308534109495028
2020-03-18,-0.2107800949066582
2020-03-19,0.05864214412071415
2020-03-20,0.0032680114358809237
2020-03-23,-0.014459648448629672
2020-03-24,0.19405862236824004
2020-03-25,0.08664780583614563
2020-03-26,0.027615154337316417
2020-03-27,-0.05293298323688722
2020-03-30,0.06453855773931254
2020-03-31,-0.06479501196775944
2020-04-01,-0.039497747566756426
2020-04-02,-0.04334875985127668
2020-04-03,-0.009799849562946411
2020-04-06,0.07217671441956865
2020-04-07,0.048291413896804324
2020-04-08,0.04558983887400304
2020-04-09,-0.00741542335395844
2020-04-13,0.006223128035160828
2020-04-14,0.023347372381068994
2020-04-15,0.021902861490703748
2020-04-16,0.038474871386623186
2020-04-17,-0.021739985849599488
2020-04-20,0.08364176070433736
2020-04-22,0.04181156576087352
2020-04-23,-0.021596540972289368
2020-04-24,-0.04316620685339002
2020-04-27,0.043772477410446035
2020-04-28,0.04541750997598202
2020-04-29,-0.023043434564374365
2020-04-30,-0.018341834827863897
2020-05-04,0.03441115137018082
2020-05-05,-0.0244010168421786
2020-05-06,0.0940416937224513
2020-05-07,0.02930349312586753
2020-05-08,-0.022256746997625913
2020-05-11,-0.010679849629907116
2020-05-12,-0.002733426759868585
2020-05-13,0.005459520692089745
2020-05-14,0.007233263409282916
2020-05-15,-0.006688982627007412
2020-05-18,0.01118339066876125
2020-05-19,0.04951595965262031
2020-05-20,-0.029098014872097837
2020-05-21,0.024135178422279992
2020-05-22,-0.011040219724401758
2020-05-25,0.04659882561716723
2020-05-26,0.06536599526825856
2020-05-27,0.04369627870692436
2020-05-28,-0.031825370795932034
2020-05-29,-0.013889108663859456
2020-06-01,-0.010152351803395238
2020-06-02,-0.030281154518524915
2020-06-03,0.00934132982269359
2020-06-04,-0.030766650478922356
2020-06-05,-0.017342426443090392
2020-06-08,0.048109076922012786
2020-06-09,0.0
2020-06-10,0.034969669100367945
2020-06-12,-0.010112863018790979
2020-06-15,0.02927785878989366
2020-06-16,0.0022753627101998962
2020-06-17,0.017869624616966083
2020-06-18,0.03667590416941357
2020-06-19,0.024097576099537495
2020-06-22,-0.007027464553542375
2020-06-23,-0.009210107571501484
2020-06-24,-0.006426250003991022
2020-06-25,-0.0015771956746636977
2020-06-26,-0.004890712358770302
2020-06-29,0.015169153935174326
2020-06-30,0.017457875378528453
2020-07-01,0.009030957254873566
2020-07-02,-0.030901295596583885
2020-07-03,0.026743286576130402
2020-07-06,-0.00013885921737071672
2020-07-07,0.03722053586857494
2020-07-08,0.0261539244043284
2020-07-09,0.0345966502361521
2020-07-10,0.00977575257351758
2020-07-13,0.0039830868754320466
2020-07-14,0.0
2020-07-15,0.012345805485858076
2020-07-16,-0.01632889236129017
2020-07-17,0.022445144278018678
2020-07-20,0.059188879622753696
2020-07-21,-0.0315262440373974
2020-07-22,0.004143229442959013
2020-07-23,-0.051510984409992897
2020-07-24,-0.009121018686857739
2020-07-27,-0.004024666184754097
2020-07-28,0.01314568487161181
2020-07-29,-0.0023659612462342467
2020-07-30,0.03768033062634667
2020-07-31,-0.031466017347828334
2020-08-03,0.022783960209376383
2020-08-04,-0.0008482012839070287
2020-08-05,0.006042339233583675
2020-08-06,0.03445961238050772
2020-08-07,-0.0030309908172919007
2020-08-10,-0.044403972579164376
2020-08-11,-0.01153955195845384
2020-08-12,-0.011549309030492264
2020-08-13,0.004859526510141302
2020-08-14,0.016152186844555477
2020-08-17,-0.0013462454362388034
2020-08-18,0.09179676684134985
2020-08-19,0.0022321674374617393
2020-08-20,-0.026547737106961115
2020-08-21,0.0
2020-08-24,-0.00309582180707644
2020-08-25,0.010509585230933252
2020-08-26,0.024138116622293204
2020-08-27,0.020096257083750797
2020-08-28,0.027874820915927866
2020-08-31,-0.014483747381334703
2020-09-01,0.022382298979352594
2020-09-02,-0.01927617798914867
2020-09-03,-0.055065807652905766
2020-09-04,0.0030461507115913163
2020-09-08,-0.012240824768184421
2020-09-09,0.039247010391191814
2020-09-10,-0.03288120402356776
2020-09-11,-0.0077352598212978695
2020-09-14,0.030699030040102177
2020-09-15,-0.008005362751199747
2020-09-16,-0.004587436301213246
2020-09-17,-0.023487791865591783
2020-09-18,0.0006886559763889254
2020-09-21,0.017514320002420942
2020-09-22,0.00886705161935449
2020-09-23,-0.03421374621721137
2020-09-24,0.032088291517094775
2020-09-25,0.01478381901049515
2020-09-28,-0.03548940198404118
2020-09-29,0.00011436061629765519
2020-09-30,0.019470798719362272
2020-10-01,0.029819981894826462
2020-10-02,-0.04279619538715708
2020-10-05,0.023459207676579278
2020-10-06,-0.009362570546362586
2020-10-07,-0.004039457791693432
2020-10-08,0.032412542364523345
2020-10-09,0.06612235954666917
2020-10-13,0.05789399545585316
2020-10-14,-0.012384026165306691
2020-10-15,-0.006641978743189215
2020-10-16,0.011303939844912028
2020-10-19,-0.00427267548924954
2020-10-20,0.013532023630687546
2020-10-21,0.006888646658924658
2020-10-22,-0.004587175306516073
2020-10-23,-0.006920428520410912
2020-10-26,-0.017513577822285957
2020-10-27,-0.0007855158692332899
2020-10-28,-0.03275057830933858
2020-10-29,0.029207940211722492
2020-10-30,-0.029207940211722547
2020-11-03,0.0145105682576052
2020-11-04,0.04690190051171178
2020-11-05,0.046988473082691794
2020-11-06,-0.004381119217883101
2020-11-09,-0.03272886088616828
2020-11-10,-0.04761880179513654
2020-11-11,0.014173435976510154
2020-11-12,-0.003916943070043273
2020-11-13,-0.01502598890267167
2020-11-16,-0.010010068878429031
2020-11-17,-0.00484068271633311
2020-11-18,-0.007712644401109951
2020-11-19,0.004066676125735517
2020-11-23,-0.05078080362086899
2020-11-24,0.011884719186754088
2020-11-25,0.012578778765105112
2020-11-26,0.010362761807836383
2020-11-27,-0.002477265173419648
2020-11-30,-0.03405840094265409
2020-12-01,-0.021617736711441727
2020-12-02,0.007402567728552569
2020-12-03,0.010787635022404077
2020-12-04,0.015332465781503012
2020-12-07,0.005899702252939275
2020-12-08,0.04718827352649082
2020-12-09,-0.03965365206605163
2020-12-10,-0.024484152238688772
2020-12-11,-0.01767667388450592
2020-12-14,0.04507566314669655
2020-12-15,0.023017856743174477
2020-12-16,0.014121696918956561
2020-12-17,-0.01697011236851754
2020-12-18,-0.0008153634604939586
2020-12-21,0.019386761065312057
2020-12-22,0.006379557477620768
2020-12-23,-0.007580329955530019
2020-12-28,0.011151078779437452
2020-12-29,0.0011874003184576076
2020-12-30,-0.013139730475867653
2021-01-04,0.00997014792966667
2021-01-05,-0.01761452452907911
2021-01-06,-0.05393263537259625
2021-01-07,-0.01287018727776988
2021-01-08,0.02893819138336298
2021-01-11,-0.014789993419434636
2021-01-12,0.029777821032201116
2021-01-13,-0.007465868656160003
2021-01-14,-0.01214672493862693
2021-01-15,0.00964570937024003
2021-01-18,0.020244441754651128
2021-01-19,-0.01524858234613099
2021-01-20,0.054154613445154653
2021-01-21,0.0027500074129956633
2021-01-22,0.01942558259072238
2021-01-26,-0.009277181151473626
2021-01-27,0.001552196542065248
2021-01-28,0.015390813289848405
2021-01-29,-0.0357597615723538
2021-02-01,-0.013546024822784178
2021-02-02,0.014732550445671124
2021-02-03,0.01373912937589577
2021-02-04,-0.013343997939268087
2021-02-05,0.021111046345232653
2021-02-08,0.011920939023709382
2021-02-09,0.0030534449018932877
2021-02-10,-0.03648056170746302
2021-02-11,0.01373912937589577
2021-02-12,0.010085416206735608
2021-02-17,-0.015950534162615475
2021-02-18,-0.018203918605075486
2021-02-19,-0.004001583200516195
2021-02-22,-0.02805634220896833
2021-02-23,0.024843480145918216
2021-02-24,-0.008888936284744664
2021-02-25,-0.024236117419349154
2021-02-26,0.005390811071251163
2021-03-01,0.01518599632965309
2021-03-02,-0.011470795841140202
2021-03-03,0.03442329066056499
2021-03-04,0.012658427914312204
2021-03-05,-0.012260400747242509
2021-03-08,-0.08422971986380354
2021-03-09,0.012475940966563601
2021-03-10,0.06255922455523469
2021-03-11,-0.004024127315676949
2021-03-12,-0.00931747282247499
2021-03-15,-0.0352076482616894
2021-03-16,0.017965833166611603
2021-03-17,-0.00873365034048348
2021-03-18,-0.07186128225685598
2021-03-19,0.0004486785306830137
2021-03-22,-0.017194999402369675
2021-03-23,-0.018425180523454158
2021-03-24,-0.05445472979572921
2021-03-25,-0.0034423325920260243
2021-03-26,-0.015889070433042402
2021-03-29,-0.01665449611240676
2021-03-30,0.020650433706200087
2021-03-31,0.008933124245830603
2021-04-01,0.009832864762731142
2021-04-05,-0.0009789150763853732
2021-04-06,0.008776244753694764
2021-04-07,-0.02059907154435786
2021-04-08,0.07950892707638119
2021-04-09,-0.008272088662638344
2021-04-12,-0.0009234010191113724
2021-04-13,0.025086877197639502
2021-04-14,-0.003610120994595046
2021-04-15,0.0036101209945950184
2021-04-16,-0.012692857775232736
2021-04-19,-0.012394019422406807
2021-04-20,-0.0023120888253505565
2021-04-22,-0.021053402769968317
2021-04-23,0.027053840500515236
2021-04-26,-0.0009207750708393873
2021-04-27,-0.035634347565262146
2021-04-28,-0.014423322813026865
2021-04-29,-0.019066847219468896
2021-04-30,-0.011417356982024578
2021-05-03,0.007460863350794106
2021-05-04,-0.021538474008873057
2021-05-05,0.0075662381003427474
2021-05-06,-0.022358709653667215
2021-05-07,0.0218560490680398
2021-05-10,-0.03530683779757092
2021-05-11,0.006230565055490241
2021-05-12,-0.038517057393302516
2021-05-13,0.02863400905954524
2021-05-14,0.0010449773301852928
2021-05-17,-0.015259497051698262
2021-05-18,0.005815499537069366
2021-05-19,-0.015405324029990732
2021-05-20,0.003206808311848041
2021-05-21,-0.01126919860012254
2021-05-24,0.07634122929489655
2021-05-25,0.0009995435217791987
2021-05-26,-0.017637163525594027
2021-05-27,-0.00407541035136297
2021-05-28,0.033135520142773794
2021-05-31,-0.004454300717086949
2021-06-01,0.009380471309940342
2021-06-02,0.007343972104945316
2021-06-04,0.01692900503942212
2021-06-07,-0.002400908685074793
2021-06-08,0.01194754417201709
2021-06-09,-0.03775857362696489
2021-06-10,0.0004932395704193972
2021-06-11,0.004918820888781231
2021-06-14,0.01025145872194318
2021-06-15,0.014465051039371615
2021-06-16,-0.028157150297225885
2021-06-17,0.048063031430211185
2021-06-18,-0.011326168989518978
2021-06-21,0.00944734744815606
2021-06-22,-0.014204780787051804
2021-06-23,-0.01877306222779283
2021-06-24,0.05068567399035232
2021-06-25,-0.012081923216485425
2021-06-28,0.006523766389627764
2021-06-29,0.0064815578459688
2021-06-30,-0.024288892614430273
2021-07-01,-0.021989427901611677
2021-07-02,0.04489297442716629
2021-07-05,-0.01208761587073644
2021-07-06,-0.014605617483163058
2021-07-07,0.04364665987753225
2021-07-08,-0.004097462031461707
2021-07-12,0.008178129538346233
2021-07-13,0.017493182195962804
2021-07-14,0.019375306729618028
2021-07-15,0.033872473630394424
2021-07-16,0.007559937584982458
2021-07-19,-0.03318046160378318
2021-07-20,0.010755148617573712
2021-07-21,-0.0004280090884258877
2021-07-22,-0.00472001994921616
2021-07-23,-0.028355241744597408
2021-07-26,-0.025090910333802577
2021-07-27,-0.027134311028248544
2021-07-28,0.003722599201931937
2021-07-29,0.008786186619909315
2021-07-30,-0.052942395643325285
2021-08-02,0.0014552350880247433
2021-08-03,-0.00974186259281085
2021-08-04,-0.02327417439203646
2021-08-05,0.024741509693924232
2021-08-06,0.01069527554471845
2021-08-09,-0.009230090161452369
2021-08-10,-0.004402092194430633
2021-08-11,0.024692653550713334
2021-08-12,0.0028652995510636842
2021-08-13,-0.03395084902508604
2021-08-16,-0.04283854115773827
2021-08-17,-0.005680359418650091
2021-08-18,-0.024640780700278878
2021-08-19,0.005821654931941875
2021-08-20,-0.004760687553769463
2021-08-23,-0.039475194231093656
2021-08-24,0.059423368557528826
2021-08-25,0.015983859323186165
2021-08-26,-0.0391184054987751
2021-08-27,0.012159819406496368
2021-08-30,-0.00791351822956834
2021-08-31,-0.03448617152335525
2021-09-01,0.023836417702659703
2021-09-02,-0.03652625135512611
2021-09-03,0.04823472592579927
2021-09-06,0.03022640752069082
2021-09-08,-0.03606350885681132
2021-09-09,0.0031881515487417007
2021-09-10,-0.09276701713568254
2021-09-13,0.01502049125275113
2021-09-14,-0.0237899105135573
2021-09-15,-0.0243696912987795
2021-09-16,-0.015156459685547472
2021-09-17,0.012143469826351973
2021-09-20,-0.031884959165759626
2021-09-21,0.020962543489793872
2021-09-22,-0.0030553356699727758
2021-09-23,-0.029185601636707283
2021-09-24,-0.015238324006910544
2021-09-27,-0.040475544682718
2021-09-28,-0.05688412546116639
2021-09-29,-0.017070041328267328
2021-09-30,0.02829038299463432
2021-10-01,0.014538109656034266
2021-10-04,-0.05946541490819157
2021-10-05,-0.0021906164774880025
2021-10-06,0.05545132358713132
2021-10-07,-0.03018836788940104
2021-10-08,0.06485029600598866
2021-10-11,-0.04020980604889161
2021-10-13,0.008310317319667191
2021-10-14,-0.023021680840730224
2021-10-15,0.027151028127911727
2021-10-18,-0.019418019947604573
2021-10-19,-0.03927680353069651
2021-10-20,-0.03407733396329511
2021-10-21,-0.06700328592985388
2021-10-22,0.0008055121113867765
2021-10-25,-0.006462073781815866
2021-10-26,-0.029607431197262498
2021-10-27,-0.03223350455341913
2021-10-28,-0.03956558980029721
2021-10-29,-0.03096786787920892
2021-11-01,0.04433109213065731
2021-11-03,0.02188272906150946
2021-11-04,-0.041543748573614356
2021-11-05,0.1157754093059237
2021-11-08,-0.04186085235542375
2021-11-09,0.09584342554285741
2021-11-10,-0.00841304094160838
2021-11-11,0.047252907982652616
2021-11-12,-0.20230005427374506
2021-11-16,-0.13519835816951106
2021-11-17,-0.04945772922316588
2021-11-18,-0.03067051572725521
2021-11-19,0.030670515727255338
2021-11-22,-0.04749648222395595
2021-11-23,-0.027524740341876793
2021-11-24,0.0252597282708758
2021-11-25,-0.01369887752431103
2021-11-26,-0.07640946030128189
2021-11-29,-0.002484479369630248
2021-11-30,-0.03030531983933467
2021-12-01,-0.12550516626261993
2021-12-02,-0.017595745754932186
2021-12-03,0.04200471282007852
2021-12-06,0.03484676065179526
2021-12-07,0.04290201773158674
2021-12-08,-0.11238424293513403
2021-12-09,-0.0810221520788362
2021-12-10,0.014229523971828301
2021-12-13,-0.05154119140325677
2021-12-14,-0.052599121725188505
2021-12-15,0.07223966869790421
2021-12-16,0.03659917661679239
2021-12-17,0.03982146624663605
2021-12-20,-0.05081924723529476
2021-12-21,0.014117852341097267
2021-12-22,-0.041341312311497985
2021-12-23,0.00647253031036701
2021-12-27,0.08942777749541017
2021-12-28,0.007347589685572497
2021-12-29,-0.010301808879860201
2021-12-30,0.06583205098390499
2022-01-03,-0.07176674053606936
2022-01-04,-0.016504541071359922
2022-01-05,-0.0291655456764674
2022-01-06,-0.02683665608809114
2022-01-07,-0.004811503386851415
2022-01-10,-0.08031075719219231
2022-01-11,0.02239547858419114
2022-01-12,0.07228101837857764
2022-01-13,-0.035487616588642565
2022-01-14,0.03865218395191138
2022-01-17,-0.033738157002942304
2022-01-18,-0.038306056658021205
2022-01-19,0.06887964629769468
2022-01-20,0.0524811810305137
2022-01-21,0.03690452760346126
2022-01-24,-0.07678708604789757
2022-01-25,0.05035388386611588
2022-01-26,0.00445430071708684
2022-01-27,0.06731243981898251
2022-01-28,-0.07325594770552013
2022-01-31,0.04231118226837389
2022-02-01,0.001427497301155985
2022-02-02,-0.07399818637702406
2022-02-03,0.003067494551258232
2022-02-04,-0.031106719663237806
2022-02-07,-0.0031645673632688673
2022-02-08,0.03580151293180844
2022-02-09,0.009132443878315103
2022-02-10,0.0502321290480134
2022-02-11,-0.08884693403493082
2022-02-14,0.020265683484040217
2022-02-15,0.05406723120809179
2022-02-16,-0.0029282669483047478
2022-02-17,-0.02825467640687617
2022-02-18,-0.041576403051996995
2022-02-21,-0.05494112016176753
2022-02-22,0.008271298650169876
2022-02-23,-0.02671270293824082
2022-02-24,0.03491621470200455
2022-02-25,-0.018137325245713553
2022-03-02,0.048710914885387
2022-03-03,0.0
2022-03-04,-0.003174613650428563
2022-03-07,-0.07251938563824288
2022-03-08,0.03361662405109097
2022-03-09,0.029317999944342695
2022-03-10,-0.04430582755710899
2022-03-11,-0.046360206480686714
2022-03-14,-0.06535902152579649
2022-03-15,-0.09025728112852476
2022-03-16,0.05201168617327973
2022-03-17,0.07688887673557483
2022-03-18,0.04930573770949215
2022-03-21,-0.017331499230906745
2022-03-22,0.01561180412987583
2022-03-23,0.0321789081918971
2022-03-24,0.09531015508626552
2022-03-25,-0.00913244387831523
2022-03-28,-0.010761083269816866
2022-03-29,0.07873405188912468
2022-03-30,-0.01874602976042164
2022-03-31,-0.007304652223661445
2022-04-01,0.07484079621294563
2022-04-04,-0.022009083609813587
2022-04-05,-0.03972151474426782
2022-04-06,-0.04287431223154529
2022-04-07,-0.009104789532598561
2022-04-08,-0.06779582785511533
2022-04-11,-0.008190074214494908
2022-04-12,-0.018257745988753696
2022-04-13,0.01000010780607368
2022-04-14,-0.003322270294850618
2022-04-18,-0.02016873141230763
2022-04-19,0.008453087449992057
2022-04-20,-0.05715841383994864
2022-04-22,-0.01075274501236626
2022-04-25,-0.02001891592626797
2022-04-26,-0.04897397130770927
2022-04-27,-0.015564554827998895
2022-04-28,0.01556455482799898
2022-04-29,-0.059659819304033294
2022-05-02,-0.01652934234598922
2022-05-03,-0.04255963289017191
2022-05-04,0.07333128383253193
2022-05-05,-0.11324790006411647
2022-05-06,-0.027524648068579613
2022-05-09,-0.09507768605940092
2022-05-10,0.010178230266791908
2022-05-11,-0.00507616564287194
2022-05-12,0.061671872048005213
2022-05-13,0.04673749611845983
2022-05-16,0.0
2022-05-17,-0.10586806441628298
2022-05-18,-0.057456982675793404
2022-05-19,0.0026845718371677763
2022-05-20,-0.016216610916835322
2022-05-23,0.00814117740693123
2022-05-24,0.0026990635056661737
2022-05-25,0.0
2022-05-26,0.09261103613197931
2022-05-27,-0.017348580213769837
2022-05-30,-0.04082199027183874
2022-05-31,-0.03174866747930059
2022-06-01,-0.002691798167070082
2022-06-02,0.023969140064975938
2022-06-03,-0.05684889502554272
2022-06-06,-0.05437673061452735
2022-06-07,-0.03288788708045357
2022-06-08,-0.02150619578877161
2022-06-09,-0.06744124986671732
2022-06-10,-0.03722936396193932
2022-06-13,-0.08263224746150581
2022-06-14,-0.049914436184972655
2022-06-15,0.0039292879000312675
2022-06-17,-0.06899287719910815
2022-06-20,0.08068894578876402
2022-06-21,-0.02750663287886741
2022-06-22,-0.028284700186822907
2022-06-23,0.0440952644760344
2022-06-24,-0.031875206264087214
2022-06-27,-0.016326850138619745
2022-06-28,-0.020790820796401238
2022-06-29,0.012526290750153022
2022-06-30,-0.029475804391932627
2022-07-01,-0.0616936315927343
2022-07-04,-0.03233536715244546
2022-07-05,0.11097851238695933
2022-07-06,0.049190281891005334
2022-07-07,0.023716504313129754
2022-07-08,0.023167037998913145
2022-07-11,0.0038095378869141866
2022-07-12,0.10801855249301259
2022-07-13,-0.03472565579329635
2022-07-14,0.02787636680441498
2022-07-15,-0.0457021948212282
2022-07-18,-0.0036035428882639758
2022-07-19,0.0071942930492189935
2022-07-20,0.09563592005417515
2022-07-21,-0.01973746408050115
2022-07-22,-0.05111851054430743
2022-07-25,-0.02477994542936655
2022-07-26,-0.06669138458019398
2022-07-27,0.03390155688446759
2022-07-28,0.007380050096722101
2022-07-29,-0.052842457546052345
2022-08-01,0.05284245754605226
2022-08-02,-0.003683254545735057
2022-08-03,0.07805376579389371
2022-08-04,0.1309684473068911
2022-08-05,-0.05539878943682764
2022-08-08,0.034217977439871726
2022-08-09,-0.059860405538940106
2022-08-10,0.06595793820901344
2022-08-11,-0.07903005200973805
2022-08-12,0.16350526063572413
2022-08-15,0.12088197502953146
2022-08-16,0.026863608213294053
2022-08-17,-0.031826409609449095
2022-08-18,0.0024844793696304113
2022-08-19,-0.06404241907044309
2022-08-22,0.010526438972481839
2022-08-23,0.08285791033777992
2022-08-24,0.08096907236132929
2022-08-25,0.03922072012504144
2022-08-26,-0.021599165081106344
2022-08-29,-0.013186947148247087
2022-08-30,-0.0022148457314597383
2022-08-31,-0.05468336799557401
2022-09-01,0.023149238694962587
2022-09-02,-0.025493911483755544
2022-09-05,0.013986276547143217
2022-09-06,-0.07696103358338792
2022-09-08,0.06999234710197565
2022-09-09,0.020762042238961265
2022-09-12,0.08948163882411014
2022-09-13,-0.01896786321369211
2022-09-14,-0.050174133869176706
2022-09-15,-0.02951404033078795
2022-09-16,0.027274392213715352
2022-09-19,0.022173911639822207
2022-09-20,-0.022173911639822186
2022-09-21,0.06299583103018697
2022-09-22,-0.032088307085175585
2022-09-23,0.0065005806887495484
2022-09-26,-0.032933813216362726
2022-09-27,-0.0693117811600267
2022-09-28,0.035256285788206436
2022-09-29,-0.06685062880116571
2022-09-30,0.10090612417298614
2022-10-03,0.09165086144906306
2022-10-04,0.03600389675241383
2022-10-05,0.005876623043358897
2022-10-06,0.04767350848239855
2022-10-07,-0.011236100728835272
2022-10-10,0.0018814727197073015
2022-10-11,-0.02860060712241451
2022-10-13,-0.0495641993839163
2022-10-14,-0.11854546107427902
2022-10-17,0.0
2022-10-18,-0.011507634936612313
2022-10-19,-0.030554647141853575
2022-10-20,-0.024155823377147605
2022-10-21,0.014563400230667526
2022-10-24,-0.017011288016761147
2022-10-25,0.05018967182368253
2022-10-26,-0.09274939055142366
2022-10-27,0.07629784130433788
2022-10-28,0.037213591486047186
2022-10-31,0.020339641741241248
2022-11-01,0.019934263522749542
2022-11-03,0.0657712997940236
2022-11-04,-0.008247489543172167
2022-11-07,-0.0619194323621681
2022-11-08,0.01962981510525537
2022-11-09,-0.035168456516688214
2022-11-10,-0.11610658520264651
2022-11-11,-0.14001324621982286
2022-11-14,0.04520543351182743
2022-11-16,-0.08350169274861198
2022-11-17,0.01785760060008169
2022-11-18,-0.07342746225290994
2022-11-21,0.07047324305862242
2022-11-22,-0.011904871075593333
2022-11-23,0.01190487107559335
2022-11-24,0.0630581171970125
2022-11-25,-0.05129324668603214
2022-11-28,-0.029675780358854584
2022-11-29,0.011976220295709673
2022-11-30,0.014771293114840081
2022-12-01,-0.09531016186379827
2022-12-02,0.04417119760401114
2022-12-05,-0.05064372791437794
2022-12-06,0.012903436242781743
2022-12-07,-0.059423429807979454
2022-12-08,-0.034605542854469803
2022-12-09,-0.014184669868292657
2022-12-12,0.0
2022-12-13,0.0
2022-12-14,-0.06263557597604752
2022-12-15,-0.011472429791519934
2022-12-16,-0.09262138927524723
2022-12-19,0.0964602533304314
2022-12-20,0.07738662704309049
2022-12-21,-0.07738662704309043
2022-12-22,-0.0038388640551840826
2022-12-23,0.03030542441573931
2022-12-26,-0.007490690036776187
2022-12-27,-0.054067195715891865
2022-12-28,0.06528221808719774
2022-12-29,0.018416772437139958
2023-01-02,-0.056300029458744356
2023-01-03,-0.01949384272803018
2023-01-04,0.0039292879000312675
2023-01-05,0.042232789478297596
2023-01-06,0.036904571934763444
2023-01-09,0.025046020177509537
2023-01-10,0.07486485510236186
2023-01-11,-0.006578920125320364
2023-01-12,0.05145829094616722
2023-01-13,0.07253927654124195
2023-01-16,0.11551294765586756
2023-01-17,-0.015707167777828768
2023-01-18,-0.06260551957236557
2023-01-19,0.06786870260911738
2023-01-20,0.0026212399250951676
2023-01-23,0.05599430212448586
2023-01-24,0.08308454247274309
2023-01-25,-0.00915340419798592
2023-01-26,-0.016222875376009666
2023-01-27,0.05676897660042386
2023-01-30,-0.03824988337298134
2023-01-31,0.015927473061900215
2023-02-01,-0.03211283716787502
2023-02-02,0.011587643649414803
2023-02-03,-0.01626056092635268
2023-02-06,-0.033336405697545084
2023-02-07,-0.019560473917974826
2023-02-08,0.04111824764537218
2023-02-09,-0.0264121642058863
2023-02-10,-0.029631770000174168
2023-02-13,0.03448616047866312
2023-02-14,-0.01709437546988281
2023-02-15,-0.04277392134500458
2023-02-16,-0.020779914280425978
2023-02-17,-0.04016603119614974
2023-02-22,-0.03900213944200608
2023-02-23,0.0112994680290385
2023-02-24,0.013947262389561885
2023-02-27,0.011019422487968632
2023-02-28,-0.016575006179368676
2023-03-01,-0.10567002815879596
2023-03-02,-0.025079682192331507
2023-03-03,-0.042145659821829044
2023-03-06,0.05476415462787933
2023-03-07,0.009360402061324503
2023-03-08,0.06317887447991753
2023-03-09,-0.011730309094382213
2023-03-10,0.002945517483690133
2023-03-13,0.08994828374216438
2023-03-14,0.0026845718371677763
2023-03-15,0.02122089894615082
2023-03-16,0.02077991428042602
2023-03-17,-0.028685113327812668
2023-03-20,-0.018692069903001967
2023-03-21,-0.0026990635056662257
2023-03-22,-0.03018069145490069
2023-03-23,-0.14352946863785385
2023-03-24,0.03785944047905793
2023-03-27,0.03348868979069752
2023-03-28,0.01190487107559335
2023-03-29,-0.008915385809900893
2023-03-30,0.026511131564832948
2023-03-31,-0.03852325656493746
2023-04-03,0.0
2023-04-04,-0.027566835381242265
2023-04-05,0.018462045848643676
2023-04-06,0.02706932787178602
2023-04-10,-0.005952413339082945
2023-04-11,0.12076367796597469
2023-04-12,0.026111207962826545
2023-04-13,-0.00516798268515475
2023-04-14,-0.03158165002406195
2023-04-17,-0.02162240740237293
2023-04-18,-0.03333638815952716
2023-04-19,-0.08547175845474664
2023-04-20,0.015267447412729162
2023-04-24,0.026907458388521547
2023-04-25,-0.032986519536891565
2023-04-26,-0.053220701002744876
2023-04-27,0.02852808996667219
2023-04-28,0.04282004030308323
2023-05-02,-0.030397489621518083
2023-05-03,0.03039748962151811
2023-05-04,0.0665948319006453
2023-05-05,0.06506353037840866
2023-05-08,0.015625356074776622
2023-05-09,0.06744124184813595
2023-05-10,0.035590936146883925
2023-05-11,0.013889146254541832
2023-05-12,-0.009237963608714058
2023-05-15,0.01611085959313349
2023-05-16,-0.2591730675122184
2023-05-17,-0.0059346895521643255
2023-05-18,0.05218576139994789
2023-05-19,0.027856908924872806
2023-05-22,0.04301738154539126
2023-05-23,-0.03753790231073707
2023-05-24,-0.008230519397219877
2023-05-25,0.035186286116211336
2023-05-26,0.015831504402253452
2023-05-29,-0.007884422961847031
2023-05-30,-0.01595771590939889
2023-05-31,0.018592770060738086
2023-06-01,0.06618196451084336
2023-06-02,0.0
2023-06-05,-0.04277392134500458
2023-06-06,0.025382136336224215
2023-06-07,-0.027956041701210427
2023-06-09,0.022930893139741552
2023-06-12,-0.0025220756589213206
2023-06-13,-0.05182509087341835
2023-06-14,0.013210264477158416
2023-06-15,-0.015873388549481386
2023-06-16,-0.010723880400907203
2023-06-19,0.005376370004237914
2023-06-20,-0.013495514158819173
2023-06-21,0.021506148627811698
2023-06-22,-0.05185326590125036
2023-06-23,0.002797097398458329
2023-06-26,-0.05158732154553246
2023-06-27,-0.005899736677977629
2023-06-28,-0.008915385809900893
2023-06-29,0.02941389843951821
2023-06-30,-0.02346148510043536
2023-07-03,0.020558718225750023
2023-07-04,-0.02055871822575007
2023-07-05,0.011799576033493808
2023-07-06,-0.07930984662129806
2023-07-07,0.009478767162424842
2023-07-10,-0.04173964317722145
2023-07-11,0.003273333429387606
2023-07-12,-0.02649161321067344
2023-07-13,0.013333495974253278
2023-07-14,-0.023451651192495482
2023-07-17,0.003384106391551815
2023-07-18,0.0
2023-07-19,-0.0067796344952918905
2023-07-20,-0.013698877843217161
2023-07-21,0.040546057139452765
2023-07-24,-0.0033166931775135927
2023-07-25,0.019737464080500994
2023-07-26,0.006493545218094125
2023-07-27,0.02556049427312294
2023-07-28,0.0
2023-07-31,0.05522870667634584
2023-08-01,0.023599914098570794
2023-08-02,-0.029587909694463985
2023-08-03,-0.0524002791066268
2023-08-04,-0.032157125131610245
2023-08-07,-0.01647481041393375
2023-08-08,-0.006666707672289596
2023-08-09,-0.006711451121805715
2023-08-10,-0.04124291950553459
2023-08-11,0.01047125440178617
2023-08-14,-0.013986205075348247
2023-08-15,-0.02495672004970109
2023-08-16,0.06971459022879758
2023-08-17,-0.051825054716682056
2023-08-18,0.0618754152882429
2023-08-21,0.016529275207080613
2023-08-22,-0.003284083338795078
2023-08-23,0.006557416768182754
2023-08-24,-0.013158117236420198
2023-08-25,-0.033673160994488235
2023-08-28,0.003418745492455108
2023-08-29,0.0
2023-08-30,-0.00341874549245504
2023-08-31,-0.056352930478350736
2023-09-01,0.035590887751017874
2023-09-04,-0.02837069559032159
2023-09-05,-0.03290974172415398
2023-09-06,-0.03788325702160446
2023-09-08,-0.03137511911721032
2023-09-11,0.015810564289211355
2023-09-12,0.027080947003940224
2023-09-13,0.0
2023-09-14,-0.015384878414284157
2023-09-15,-0.039530855329602585
2023-09-18,0.039530855329602696
2023-09-19,-0.02353047482725027
2023-09-20,0.0
2023-09-21,-0.06984357543336313
2023-09-22,-0.04793949056885136
2023-09-25,-0.04100803177255085
2023-09-26,-0.023530459019188807
2023-09-27,-0.028987508312470767
2023-09-28,0.004889897522031325
2023-09-29,0.033576281456936245
2023-10-02,-0.05328130057165528
2023-10-03,-0.08836915375839619
2023-10-04,0.026811214057583282
2023-10-05,-0.04324998081325607
2023-10-06,-0.016713522748474745
2023-10-09,0.043963231825798976
2023-10-10,0.06755810363067123
2023-10-11,-0.04103139292225745
2023-10-13,-0.04826675035589924
2023-10-16,-0.016620922549146287
2023-10-17,-0.05748705822351009
2023-10-18,0.023392877830990356
2023-10-19,-0.07188722402223797
2023-10-20,-0.04445174242024197
2023-10-23,-0.019672814268961742
2023-10-24,-0.06851990668829093
2023-10-25,0.02105338961293366
2023-10-26,0.0206193377791216
2023-10-27,-0.006826051535236553
2023-10-30,-0.0636257121925005
2023-10-31,-0.02963172038362967
2023-11-01,0.0
2023-11-03,0.11359716743334924
2023-11-06,-0.041101707747568
2023-11-07,0.21330517845005625
2023-11-08,0.0056337167465595915
2023-11-09,-0.04011991808336274
2023-11-10,0.05129324668603216
2023-11-13,-0.039665239366022134
2023-11-14,0.011494407715768434
2023-11-16,0.22428578196545962
2023-11-17,0.013605592914550413
2023-11-20,0.02666831234944044
2023-11-21,-0.06805353756868275
2023-11-22,-0.02375404780457894
2023-11-23,0.04235928151972416
2023-11-24,-0.08659254487185852
2023-11-27,-0.015190203137620779
2023-11-28,-0.02584118978463679
2023-11-29,-0.015831504402253484
2023-11-30,0.07182580652673948
2023-12-01,0.07162963566963015
2023-12-04,-0.08157999075139034
2023-12-05,0.06765861798050787
2023-12-06,0.01392137277088249
2023-12-07,0.04063765280068113
2023-12-08,-0.05924288651582643
2023-12-11,0.04587962592886057
2023-12-12,0.022173911639822207
2023-12-13,0.10404377598903991
2023-12-14,-0.04032798037436206
2023-12-15,-0.09489879954107293
2023-12-18,-0.01366767301369893
2023-12-19,-0.009216584081445926
2023-12-20,-0.02817084999262401
2023-12-21,-0.004773290368286728
2023-12-22,0.014251961034783565
2023-12-26,-0.004728056402370683
2023-12-27,0.06424223780149398
2023-12-28,-0.04082200207299592
